"MasterCatalogName","AttributeCode","DataType","Namespace","Value","Name","DisplayOrder"
"Mystic Outdoors Master","price-list-entry-type","String","system","PLCODE","An example price list entry type","1"
"Mystic Outdoors Master","fill-power","String","Tenant","551-to-650","551 to 650","1"
"Mystic Outdoors Master","fill-power","String","Tenant","651-to-750","651 to 750","2"
"Mystic Outdoors Master","fill-power","String","Tenant","751-to-850","751 to 850","3"
"Mystic Outdoors Master","sleeping-bag-shape","String","Tenant","Mummy","Mummy","1"
"Mystic Outdoors Master","sleeping-bag-shape","String","Tenant","Semirectangular","Semirectangular","2"
"Mystic Outdoors Master","sleeping-bag-shape","String","Tenant","Rectangular","Rectangular","3"
"Mystic Outdoors Master","sleeping-bag-shape","String","Tenant","Double","Double","4"
"Mystic Outdoors Master","filter-type","String","Tenant","Gravity","Gravity","1"
"Mystic Outdoors Master","altimeter","String","Tenant","Pressure-based","Pressure-based","1"
"Mystic Outdoors Master","altimeter","String","Tenant","Satellite-based","Satellite-based","2"
"Mystic Outdoors Master","altimeter","String","Tenant","No","No","3"
"Mystic Outdoors Master","sleeping-capacity","String","Tenant","1-Person","1 Person","1"
"Mystic Outdoors Master","sleeping-capacity","String","Tenant","2-Person","2 Person","2"
"Mystic Outdoors Master","sleeping-capacity","String","Tenant","3-Person","3 Person","3"
"Mystic Outdoors Master","sleeping-capacity","String","Tenant","4-Person","4 Person","4"
"Mystic Outdoors Master","sleeping-capacity","String","Tenant","5-Person","5 Person","5"
"Mystic Outdoors Master","sleeping-capacity","String","Tenant","6-Person","6 Person","6"
"Mystic Outdoors Master","sleeping-capacity","String","Tenant","8--Person","8+ Person","7"
"Mystic Outdoors Master","pole-material","String","Tenant","Aluminum","Aluminum","1"
"Mystic Outdoors Master","pole-material","String","Tenant","Aluminum-DAC-Featherlite","Aluminum DAC Featherlite","2"
"Mystic Outdoors Master","pole-material","String","Tenant","Fiberglass","Fiberglass","3"
"Mystic Outdoors Master","pole-material","String","Tenant","Aluminum-DAC","Aluminum DAC","4"
"Mystic Outdoors Master","pole-material","String","Tenant","DAC-Pressfit","DAC Pressfit","5"
"Mystic Outdoors Master","fits-up-to","String","Tenant","Up-to-5-ft.","Up to 5 ft.","1"
"Mystic Outdoors Master","fits-up-to","String","Tenant","5-ft.-1-in-to-5-ft.-6-in.","5 ft. 1 in to 5 ft. 6 in.","2"
"Mystic Outdoors Master","fits-up-to","String","Tenant","5-ft.-7-in.-to-6-ft.","5 ft. 7 in. to 6 ft.","3"
"Mystic Outdoors Master","fits-up-to","String","Tenant","6ft.-1-in.-to-6-ft.-6-in.","6ft. 1 in. to 6 ft. 6 in.","4"
"Mystic Outdoors Master","fits-up-to","String","Tenant","Greater-than-6-ft.-6-in.","Greater than 6 ft. 6 in.","5"
"Mystic Outdoors Master","length","String","Tenant","Short","Short","1"
"Mystic Outdoors Master","length","String","Tenant","Regular","Regular","2"
"Mystic Outdoors Master","length","String","Tenant","Long","Long","3"
"Mystic Outdoors Master","availability","String","Tenant","24hrs","Usually Ships in 24 Hours","1"
"Mystic Outdoors Master","availability","String","Tenant","24-48hrs","Usually Ships in 24 to 48 Hours","2"
"Mystic Outdoors Master","availability","String","Tenant","24-72hrs","Usually Ships in 24 to 72 Hours","3"
"Mystic Outdoors Master","availability","String","Tenant","1-2days","Usually Ships in 1 to 2 Days","4"
"Mystic Outdoors Master","availability","String","Tenant","2-3days","Usually Ships in 2 to 3 Days","5"
"Mystic Outdoors Master","availability","String","Tenant","1-2weeks","Usually Ships in 1 to 2 Weeks","6"
"Mystic Outdoors Master","availability","String","Tenant","2-3weeks","Usually Ships in 2 to 3 Weeks","7"
"Mystic Outdoors Master","availability","String","Tenant","2-4weeks","Usually Ships in 2 to 4 Weeks","8"
"Mystic Outdoors Master","availability","String","Tenant","4-6weeks","Usually Ships in 4 to 6 Weeks","9"
"Mystic Outdoors Master","lens-color","String","Tenant","Polar-PhD-Drivers","Polar PhD Drivers","1"
"Mystic Outdoors Master","lens-color","String","Tenant","Lt-Night-Fototec","Lt Night Fototec","2"
"Mystic Outdoors Master","lens-color","String","Tenant","Smoke-Fototec","Smoke Fototec","3"
"Mystic Outdoors Master","lens-color","String","Tenant","Reactor-Brown","Reactor Brown","4"
"Mystic Outdoors Master","lens-color","String","Tenant","Polarized-Gray-Green","Polarized Gray Green","5"
"Mystic Outdoors Master","lens-color","String","Tenant","Photochromic","Photochromic","6"
"Mystic Outdoors Master","lens-color","String","Tenant","Polarized-Offshore-Blue","Polarized Offshore Blue","7"
"Mystic Outdoors Master","lens-color","String","Tenant","Red-Sol-X-Mirror","Red Sol X Mirror","8"
"Mystic Outdoors Master","lens-color","String","Tenant","Black-Iridium","Black Iridium","9"
"Mystic Outdoors Master","lens-color","String","Tenant","Dark-Grey","Dark Grey","10"
"Mystic Outdoors Master","lens-color","String","Tenant","Ruby-Iridium","Ruby Iridium","11"
"Mystic Outdoors Master","lens-color","String","Tenant","Pink-Iridium","Pink Iridium","12"
"Mystic Outdoors Master","lens-color","String","Tenant","Jade-Iridium-Polarized","Jade Iridium Polarized","13"
"Mystic Outdoors Master","lens-color","String","Tenant","Brown","Brown","14"
"Mystic Outdoors Master","lens-color","String","Tenant","Green-Mirror","Green Mirror","15"
"Mystic Outdoors Master","sleeve-length","String","Tenant","Sleeveless","Sleeveless","1"
"Mystic Outdoors Master","sleeve-length","String","Tenant","Cap-Sleeve","Cap Sleeve","2"
"Mystic Outdoors Master","sleeve-length","String","Tenant","Short-Sleeve","Short Sleeve","3"
"Mystic Outdoors Master","sleeve-length","String","Tenant","3/4-Length-Sleeve","3/4-Length Sleeve","4"
"Mystic Outdoors Master","sleeve-length","String","Tenant","Long-Sleeve","Long Sleeve","5"
"Mystic Outdoors Master","flotation","String","Tenant","16.5-pounds","16.5 pounds","1"
"Mystic Outdoors Master","flotation","String","Tenant","11.6-pounds","11.6 pounds","2"
"Mystic Outdoors Master","flotation","String","Tenant","19-pounds","19 pounds","3"
"Mystic Outdoors Master","flotation","String","Tenant","15.9-pounds","15.9 pounds","4"
"Mystic Outdoors Master","flotation","String","Tenant","16.25-pounds","16.25 pounds","5"
"Mystic Outdoors Master","flotation","String","Tenant","15.5-pounds","15.5 pounds","6"
"Mystic Outdoors Master","lens-material","String","Tenant","Polycarbonate","Polycarbonate","1"
"Mystic Outdoors Master","lens-material","String","Tenant","ChromaPop-Trivex","ChromaPop Trivex","2"
"Mystic Outdoors Master","lens-material","String","Tenant","Carbonic-TLT-polycarbonate","Carbonic TLT polycarbonate","3"
"Mystic Outdoors Master","lens-material","String","Tenant","Nylon","Nylon","4"
"Mystic Outdoors Master","lens-material","String","Tenant","Mineral-glass","Mineral glass","5"
"Mystic Outdoors Master","preloaded-map","String","Tenant","Topo","Topo","1"
"Mystic Outdoors Master","footwear-closure","String","Tenant","Lace-up","Lace-up","1"
"Mystic Outdoors Master","footwear-closure","String","Tenant","Single-pull-Lace","Single-pull Lace","2"
"Mystic Outdoors Master","bag-style","String","Tenant","Baby-Carrier","Baby Carrier","1"
"Mystic Outdoors Master","bag-style","String","Tenant","Backpack","Backpack","2"
"Mystic Outdoors Master","bag-style","String","Tenant","Waistpack","Waistpack","3"
"Mystic Outdoors Master","bag-style","String","Tenant","Hydration-Pack","Hydration Pack","4"
"Mystic Outdoors Master","sock-cushioning","String","Tenant","Light-Cushioning","Light Cushioning","1"
"Mystic Outdoors Master","sock-cushioning","String","Tenant","Medium-Cushioning","Medium Cushioning","2"
"Mystic Outdoors Master","sock-cushioning","String","Tenant","No-Cushioning","No Cushioning","3"
"Mystic Outdoors Master","sock-cushioning","String","Tenant","Heavy-Cushioning","Heavy Cushioning","4"
"Mystic Outdoors Master","footwear-height","String","Tenant","Ankle","Ankle","1"
"Mystic Outdoors Master","footwear-height","String","Tenant","Over-the-ankle","Over-the-ankle","2"
"Mystic Outdoors Master","sock-height","String","Tenant","No-show","No-show","1"
"Mystic Outdoors Master","sock-height","String","Tenant","Ankle","Ankle","2"
"Mystic Outdoors Master","sock-height","String","Tenant","Crew","Crew","3"
"Mystic Outdoors Master","sock-height","String","Tenant","Knee-high","Knee-high","4"
"Mystic Outdoors Master","material","String","Tenant","Ripstop-nylon/nylon-oxford","Ripstop nylon/nylon oxford","1"
"Mystic Outdoors Master","material","String","Tenant","Nylon","Nylon","2"
"Mystic Outdoors Master","material","String","Tenant","High-tenacity-nylon","High tenacity nylon","3"
"Mystic Outdoors Master","material","String","Tenant","Nylon/mesh","Nylon/mesh","4"
"Mystic Outdoors Master","material","String","Tenant","Ripstop-nylon","Ripstop nylon","5"
"Mystic Outdoors Master","material","String","Tenant","Nylon/closed-cell-foam","Nylon/closed-cell foam","6"
"Mystic Outdoors Master","material","String","Tenant","Polyurethane-coated-nylon","Polyurethane-coated nylon","7"
"Mystic Outdoors Master","material","String","Tenant","Ripstop-high-density-polyethylene--HDPE-","Ripstop high-density polyethylene (HDPE)","8"
"Mystic Outdoors Master","material","String","Tenant","Polyester/multidensity-foam","Polyester/multidensity foam","9"
"Mystic Outdoors Master","material","String","Tenant","150-denier-nylon","150-denier nylon","10"
"Mystic Outdoors Master","material","String","Tenant","Cotton","Cotton","11"
"Mystic Outdoors Master","material","String","Tenant","100-denier-nylon","100-denier nylon","12"
"Mystic Outdoors Master","material","String","Tenant","600-denier-polyester","600-denier polyester","13"
"Mystic Outdoors Master","material","String","Tenant","300-denier-ripstop-polyester","300-denier ripstop polyester","14"
"Mystic Outdoors Master","material","String","Tenant","Brushed-polyester-with-polyurethane-coating","Brushed polyester with polyurethane coating","15"
"Mystic Outdoors Master","material","String","Tenant","Post-consumer-recycled-Ecolast","Post-consumer recycled Ecolast","16"
"Mystic Outdoors Master","material","String","Tenant","Corn/plant-starches","Corn/plant starches","17"
"Mystic Outdoors Master","material","String","Tenant","Polyester-webbing/aluminum-ring","Polyester webbing/aluminum ring","18"
"Mystic Outdoors Master","material","String","Tenant","Nylon-webbing","Nylon webbing","19"
"Mystic Outdoors Master","material","String","Tenant","Polyester-webbing","Polyester webbing","20"
"Mystic Outdoors Master","material","String","Tenant","Nylon/foam-buoyancy-cells","Nylon/foam buoyancy cells","21"
"Mystic Outdoors Master","material","String","Tenant","Ripstop-nylon/webbing","Ripstop nylon/webbing","22"
"Mystic Outdoors Master","material","String","Tenant","Polyester/nylon","Polyester/nylon","23"
"Mystic Outdoors Master","material","String","Tenant","Aluminum-/-ABS-Plastic","Aluminum / ABS Plastic","24"
"Mystic Outdoors Master","material","String","Tenant","Plastic","Plastic","25"
"Mystic Outdoors Master","material","String","Tenant","Stainless-Steel","Stainless Steel","26"
"Mystic Outdoors Master","material","String","Tenant","Cast-Iron","Cast Iron","27"
"Mystic Outdoors Master","material","String","Tenant","Silicone","Silicone","28"
"Mystic Outdoors Master","material","String","Tenant","Silicone/nylon","Silicone/nylon","29"
"Mystic Outdoors Master","material","String","Tenant","PVC-free-vinyl","PVC-free vinyl","30"
"Mystic Outdoors Master","material","String","Tenant","Aluminum","Aluminum","31"
"Mystic Outdoors Master","frame-color","String","Tenant","Satin-Black","Satin Black","1"
"Mystic Outdoors Master","frame-color","String","Tenant","Silver/Gunmetal","Silver/Gunmetal","2"
"Mystic Outdoors Master","frame-color","String","Tenant","Coffee","Coffee","3"
"Mystic Outdoors Master","frame-color","String","Tenant","Black-Coffee-Tort","Black Coffee Tort","4"
"Mystic Outdoors Master","frame-color","String","Tenant","Black","Black","5"
"Mystic Outdoors Master","frame-color","String","Tenant","Purple","Purple","6"
"Mystic Outdoors Master","frame-color","String","Tenant","Matte-Blue","Matte Blue","7"
"Mystic Outdoors Master","frame-color","String","Tenant","Matte-Camo-Green","Matte Camo Green","8"
"Mystic Outdoors Master","frame-color","String","Tenant","Alpine-Glow","Alpine Glow","9"
"Mystic Outdoors Master","frame-color","String","Tenant","Matte-Fern","Matte Fern","10"
"Mystic Outdoors Master","frame-color","String","Tenant","White","White","11"
"Mystic Outdoors Master","frame-color","String","Tenant","Matte-Camo","Matte Camo","12"
"Mystic Outdoors Master","frame-color","String","Tenant","Bronze-Decay","Bronze Decay","13"
"Mystic Outdoors Master","meat","String","Tenant","Beef","Beef","1"
"Mystic Outdoors Master","meat","String","Tenant","Buffalo","Buffalo","2"
"Mystic Outdoors Master","meat","String","Tenant","Chicken","Chicken","3"
"Mystic Outdoors Master","meat","String","Tenant","Combination","Combination","4"
"Mystic Outdoors Master","meat","String","Tenant","None","None","5"
"Mystic Outdoors Master","meat","String","Tenant","Pork","Pork","6"
"Mystic Outdoors Master","meat","String","Tenant","Seafood","Seafood","7"
"Mystic Outdoors Master","meat","String","Tenant","Turkey","Turkey","8"
"Mystic Outdoors Master","frame-type","String","Tenant","Internal-Frame","Internal Frame","1"
"Mystic Outdoors Master","frame-type","String","Tenant","Frameless","Frameless","2"
"Mystic Outdoors Master","frame-type","String","Tenant","Child-Carrier","Child Carrier","3"
"Mystic Outdoors Master","frame-type","String","Tenant","External-Frame","External Frame","4"
"Mystic Outdoors Master","battery-type","String","Tenant","Lithium-Ion","Lithium Ion","1"
"Mystic Outdoors Master","fuel","String","Tenant","Propane","Propane","1"
"Mystic Outdoors Master","fuel","String","Tenant","Isobutane-propane","Isobutane-propane","2"
"Mystic Outdoors Master","fuel","String","Tenant","Wood","Wood","3"
"Mystic Outdoors Master","fuel","String","Tenant","White-Gas","White Gas","4"
"Mystic Outdoors Master","fuel","String","Tenant","Kerosene","Kerosene","5"
"Mystic Outdoors Master","fuel","String","Tenant","Solar","Solar","6"
"Mystic Outdoors Master","best-use","String","Tenant","Hiking","Hiking","1"
"Mystic Outdoors Master","best-use","String","Tenant","Casual","Casual","2"
"Mystic Outdoors Master","best-use","String","Tenant","Travel","Travel","3"
"Mystic Outdoors Master","best-use","String","Tenant","Snowsports","Snowsports","4"
"Mystic Outdoors Master","best-use","String","Tenant","Running","Running","5"
"Mystic Outdoors Master","best-use","String","Tenant","Climbing","Climbing","6"
"Mystic Outdoors Master","best-use","String","Tenant","Backcountry-Skiing","Backcountry Skiing","7"
"Mystic Outdoors Master","best-use","String","Tenant","Downhill-Skiing","Downhill Skiing","8"
"Mystic Outdoors Master","best-use","String","Tenant","Multisport","Multisport","9"
"Mystic Outdoors Master","best-use","String","Tenant","Snowboarding","Snowboarding","10"
"Mystic Outdoors Master","best-use","String","Tenant","Cross-Country-Skiing","Cross-Country Skiing","11"
"Mystic Outdoors Master","best-use","String","Tenant","Fitness","Fitness","12"
"Mystic Outdoors Master","best-use","String","Tenant","Mountaineering","Mountaineering","13"
"Mystic Outdoors Master","best-use","String","Tenant","Yoga","Yoga","14"
"Mystic Outdoors Master","best-use","String","Tenant","Backpacking","Backpacking","15"
"Mystic Outdoors Master","best-use","String","Tenant","Rock-Climbing","Rock Climbing","16"
"Mystic Outdoors Master","best-use","String","Tenant","Trail-Running","Trail Running","17"
"Mystic Outdoors Master","best-use","String","Tenant","Ice-Climbing","Ice Climbing","18"
"Mystic Outdoors Master","best-use","String","Tenant","Snowshoeing","Snowshoeing","19"
"Mystic Outdoors Master","best-use","String","Tenant","Urban-Cycling","Urban Cycling","20"
"Mystic Outdoors Master","best-use","String","Tenant","Fishing","Fishing","21"
"Mystic Outdoors Master","best-use","String","Tenant","Camping","Camping","22"
"Mystic Outdoors Master","best-use","String","Tenant","Watersports","Watersports","23"
"Mystic Outdoors Master","best-use","String","Tenant","Bike-Commuting","Bike Commuting","24"
"Mystic Outdoors Master","gear-capacity","Number","Tenant","2.5","","1"
"Mystic Outdoors Master","gear-capacity","Number","Tenant","5","","2"
"Mystic Outdoors Master","gear-capacity","Number","Tenant","10","","3"
"Mystic Outdoors Master","gear-capacity","Number","Tenant","15","","4"
"Mystic Outdoors Master","gear-capacity","Number","Tenant","20","","5"
"Mystic Outdoors Master","gear-capacity","Number","Tenant","25","","6"
"Mystic Outdoors Master","gear-capacity","Number","Tenant","28","","7"
"Mystic Outdoors Master","gear-capacity","Number","Tenant","30","","8"
"Mystic Outdoors Master","gear-capacity","Number","Tenant","35","","9"
"Mystic Outdoors Master","gear-capacity","Number","Tenant","40","","10"
"Mystic Outdoors Master","gear-capacity","Number","Tenant","50","","11"
"Mystic Outdoors Master","gear-capacity","Number","Tenant","55","","12"
"Mystic Outdoors Master","gear-capacity","Number","Tenant","60","","13"
"Mystic Outdoors Master","gear-capacity","Number","Tenant","65","","14"
"Mystic Outdoors Master","gear-capacity","Number","Tenant","70","","15"
"Mystic Outdoors Master","gear-capacity","Number","Tenant","16.7","","16"
"Mystic Outdoors Master","gear-capacity","Number","Tenant","8.5","","17"
"Mystic Outdoors Master","gear-capacity","Number","Tenant","14","","18"
"Mystic Outdoors Master","temperature-rating","String","Tenant","-50-to-0","-50 to 0","1"
"Mystic Outdoors Master","temperature-rating","String","Tenant","1-to-14","1 to 14","2"
"Mystic Outdoors Master","temperature-rating","String","Tenant","14-to-29","14 to 29","3"
"Mystic Outdoors Master","temperature-rating","String","Tenant","30-to-39","30 to 39","4"
"Mystic Outdoors Master","temperature-rating","String","Tenant","40-and-above","40 and above","5"
"Mystic Outdoors Master","gender","String","Tenant","Men-s","Men's","1"
"Mystic Outdoors Master","gender","String","Tenant","Women-s","Women's","2"
"Mystic Outdoors Master","gender","String","Tenant","Boys-","Boys'","3"
"Mystic Outdoors Master","gender","String","Tenant","Girls-","Girls'","4"
"Mystic Outdoors Master","gender","String","Tenant","Kids-","Kids'","5"
"Mystic Outdoors Master","gender","String","Tenant","Unisex","Unisex","6"
"Mystic Outdoors Master","number-of-burners","Number","Tenant","1","","1"
"Mystic Outdoors Master","number-of-burners","Number","Tenant","2","","2"
"Mystic Outdoors Master","number-of-burners","Number","Tenant","3","","3"
"Mystic Outdoors Master","number-of-burners","Number","Tenant","4","","4"
"Mystic Outdoors Master","number-of-burners","Number","Tenant","5","","5"
"Mystic Outdoors Master","number-of-burners","Number","Tenant","6","","6"
"Mystic Outdoors Master","number-of-burners","Number","Tenant","7","","7"
"Mystic Outdoors Master","number-of-burners","Number","Tenant","8","","8"
"Mystic Outdoors Master","number-of-burners","Number","Tenant","9","","9"
"Mystic Outdoors Master","number-of-burners","Number","Tenant","10","","10"
"Mystic Outdoors Master","glove-type","String","Tenant","Full-Finger","Full Finger","1"
"Mystic Outdoors Master","glove-type","String","Tenant","Mitten","Mitten","2"
"Mystic Outdoors Master","glove-type","String","Tenant","Arm-Warmer","Arm Warmer","3"
"Mystic Outdoors Master","brand","String","Tenant","Arc-teryx","Arc'teryx","1"
"Mystic Outdoors Master","brand","String","Tenant","Big-Agnes","Big Agnes","2"
"Mystic Outdoors Master","brand","String","Tenant","Black-Diamond","Black Diamond","3"
"Mystic Outdoors Master","brand","String","Tenant","Columbia","Columbia","4"
"Mystic Outdoors Master","brand","String","Tenant","Craghoppers","Craghoppers","5"
"Mystic Outdoors Master","brand","String","Tenant","ExOfficio","ExOfficio","6"
"Mystic Outdoors Master","brand","String","Tenant","Exped","Exped","7"
"Mystic Outdoors Master","brand","String","Tenant","Haglofs","Haglofs","8"
"Mystic Outdoors Master","brand","String","Tenant","Helly-Hansen","Helly Hansen","9"
"Mystic Outdoors Master","brand","String","Tenant","Kelty","Kelty","10"
"Mystic Outdoors Master","brand","String","Tenant","KUHL","KUHL","11"
"Mystic Outdoors Master","brand","String","Tenant","La-Sportiva","La Sportiva","12"
"Mystic Outdoors Master","brand","String","Tenant","Lucy","Lucy","13"
"Mystic Outdoors Master","brand","String","Tenant","Mammut","Mammut","14"
"Mystic Outdoors Master","brand","String","Tenant","Marmot","Marmot","15"
"Mystic Outdoors Master","brand","String","Tenant","Merrell","Merrell","16"
"Mystic Outdoors Master","brand","String","Tenant","MONTANE","MONTANE","17"
"Mystic Outdoors Master","brand","String","Tenant","Mountain-Hardwear","Mountain Hardwear","18"
"Mystic Outdoors Master","brand","String","Tenant","Mountain-Khakis","Mountain Khakis","19"
"Mystic Outdoors Master","brand","String","Tenant","Mtn-Hardwear","Mtn Hardwear","20"
"Mystic Outdoors Master","brand","String","Tenant","Mystic","Mystic","21"
"Mystic Outdoors Master","brand","String","Tenant","Nau","Nau","22"
"Mystic Outdoors Master","brand","String","Tenant","Outdoor-Research","Outdoor Research","23"
"Mystic Outdoors Master","brand","String","Tenant","Patagonia","Patagonia","24"
"Mystic Outdoors Master","brand","String","Tenant","prAna","prAna","25"
"Mystic Outdoors Master","brand","String","Tenant","Roark-Revival","Roark Revival","26"
"Mystic Outdoors Master","brand","String","Tenant","Royal-Robbins","Royal Robbins","27"
"Mystic Outdoors Master","brand","String","Tenant","Osprey","Osprey","28"
"Mystic Outdoors Master","brand","String","Tenant","CamelBak","CamelBak","29"
"Mystic Outdoors Master","brand","String","Tenant","Sierra-Designs","Sierra Designs","30"
"Mystic Outdoors Master","brand","String","Tenant","Sherpa-Adventure-Gear","Sherpa Adventure Gear","31"
"Mystic Outdoors Master","brand","String","Tenant","Deuter","Deuter","32"
"Mystic Outdoors Master","brand","String","Tenant","The-North-Face","The North Face","33"
"Mystic Outdoors Master","brand","String","Tenant","Gregory","Gregory","34"
"Mystic Outdoors Master","brand","String","Tenant","Toad-Co","Toad&Co","35"
"Mystic Outdoors Master","brand","String","Tenant","White-Sierra","White Sierra","36"
"Mystic Outdoors Master","brand","String","Tenant","Platypus","Platypus","37"
"Mystic Outdoors Master","brand","String","Tenant","ENO","ENO","38"
"Mystic Outdoors Master","brand","String","Tenant","JanSport","JanSport","39"
"Mystic Outdoors Master","brand","String","Tenant","HENNESSY","HENNESSY","40"
"Mystic Outdoors Master","brand","String","Tenant","Smartwool","Smartwool","41"
"Mystic Outdoors Master","brand","String","Tenant","Chaos","Chaos","42"
"Mystic Outdoors Master","brand","String","Tenant","Sea-to-Summit","Sea to Summit","43"
"Mystic Outdoors Master","brand","String","Tenant","Serengeti","Serengeti","44"
"Mystic Outdoors Master","brand","String","Tenant","NEMO","NEMO","45"
"Mystic Outdoors Master","brand","String","Tenant","Tifosi","Tifosi","46"
"Mystic Outdoors Master","brand","String","Tenant","Tentsile","Tentsile","47"
"Mystic Outdoors Master","brand","String","Tenant","Reflekt","Reflekt","48"
"Mystic Outdoors Master","brand","String","Tenant","ALPS-Moutaineering","ALPS Moutaineering","49"
"Mystic Outdoors Master","brand","String","Tenant","Smith","Smith","50"
"Mystic Outdoors Master","brand","String","Tenant","Julbo","Julbo","51"
"Mystic Outdoors Master","brand","String","Tenant","Bolle","Bolle","52"
"Mystic Outdoors Master","brand","String","Tenant","Oakley","Oakley","53"
"Mystic Outdoors Master","brand","String","Tenant","Gordini","Gordini","54"
"Mystic Outdoors Master","brand","String","Tenant","Manzella","Manzella","55"
"Mystic Outdoors Master","brand","String","Tenant","Pearl-Izumi","Pearl Izumi","56"
"Mystic Outdoors Master","brand","String","Tenant","Ruffwear","Ruffwear","57"
"Mystic Outdoors Master","brand","String","Tenant","GoPro","GoPro","58"
"Mystic Outdoors Master","brand","String","Tenant","Cycle-Dog","Cycle Dog","59"
"Mystic Outdoors Master","brand","String","Tenant","Chaco","Chaco","60"
"Mystic Outdoors Master","brand","String","Tenant","Lowa","Lowa","61"
"Mystic Outdoors Master","brand","String","Tenant","Salomon","Salomon","62"
"Mystic Outdoors Master","brand","String","Tenant","Five-Ten","Five Ten","63"
"Mystic Outdoors Master","brand","String","Tenant","Ahnu","Ahnu","64"
"Mystic Outdoors Master","brand","String","Tenant","Asolo","Asolo","65"
"Mystic Outdoors Master","brand","String","Tenant","KEEN","KEEN","66"
"Mystic Outdoors Master","brand","String","Tenant","Timberland","Timberland","67"
"Mystic Outdoors Master","brand","String","Tenant","Oboz","Oboz","68"
"Mystic Outdoors Master","brand","String","Tenant","HOKA-ONE-ONE","HOKA ONE ONE","69"
"Mystic Outdoors Master","brand","String","Tenant","Vasque","Vasque","70"
"Mystic Outdoors Master","brand","String","Tenant","Hi-Tec","Hi-Tec","71"
"Mystic Outdoors Master","brand","String","Tenant","Kammock","Kammock","72"
"Mystic Outdoors Master","brand","String","Tenant","Icebreaker","Icebreaker","73"
"Mystic Outdoors Master","brand","String","Tenant","Thorlo","Thorlo","74"
"Mystic Outdoors Master","brand","String","Tenant","Lorpen","Lorpen","75"
"Mystic Outdoors Master","brand","String","Tenant","Garmin","Garmin","76"
"Mystic Outdoors Master","brand","String","Tenant","Suunto","Suunto","77"
"Mystic Outdoors Master","brand","String","Tenant","GoalZero","GoalZero","78"
"Mystic Outdoors Master","brand","String","Tenant","Primus","Primus","79"
"Mystic Outdoors Master","brand","String","Tenant","Eureka","Eureka","80"
"Mystic Outdoors Master","brand","String","Tenant","Biolite","Biolite","81"
"Mystic Outdoors Master","brand","String","Tenant","Camp-Chef","Camp Chef","82"
"Mystic Outdoors Master","brand","String","Tenant","Coleman","Coleman","83"
"Mystic Outdoors Master","brand","String","Tenant","Snow-Peak","Snow Peak","84"
"Mystic Outdoors Master","brand","String","Tenant","Esbit","Esbit","85"
"Mystic Outdoors Master","brand","String","Tenant","Jetboil","Jetboil","86"
"Mystic Outdoors Master","brand","String","Tenant","Solo-Stove","Solo Stove","87"
"Mystic Outdoors Master","brand","String","Tenant","GoSun","GoSun","88"
"Mystic Outdoors Master","brand","String","Tenant","Seattle-Sports","Seattle Sports","89"
"Mystic Outdoors Master","brand","String","Tenant","SealLine","SealLine","90"
"Mystic Outdoors Master","brand","String","Tenant","MTI","MTI","91"
"Mystic Outdoors Master","brand","String","Tenant","NRS","NRS","92"
"Mystic Outdoors Master","brand","String","Tenant","Mizu","Mizu","93"
"Mystic Outdoors Master","brand","String","Tenant","Yeti","Yeti","94"
"Mystic Outdoors Master","brand","String","Tenant","Avex","Avex","95"
"Mystic Outdoors Master","brand","String","Tenant","Klean-Kanteen","Klean Kanteen","96"
"Mystic Outdoors Master","brand","String","Tenant","Eagle-Creek","Eagle Creek","97"
"Mystic Outdoors Master","brand","String","Tenant","Timbuk2","Timbuk2","98"
"Mystic Outdoors Master","brand","String","Tenant","United-by-Blue","United by Blue","99"
"Mystic Outdoors Master","brand","String","Tenant","MSR","MSR","100"
"Mystic Outdoors Master","number-of-doors","String","Tenant","0-Doors","0 Doors","1"
"Mystic Outdoors Master","number-of-doors","String","Tenant","1-Door","1 Door","2"
"Mystic Outdoors Master","number-of-doors","String","Tenant","2-Doors","2 Doors","3"
"Mystic Outdoors Master","number-of-doors","String","Tenant","3-Doors","3 Doors","4"
"Mystic Outdoors Master","number-of-doors","String","Tenant","4-Doors","4 Doors","5"
"Mystic Outdoors Master","brand-colors","String","Tenant","Black","Black","1"
"Mystic Outdoors Master","brand-colors","String","Tenant","White","White","2"
"Mystic Outdoors Master","brand-colors","String","Tenant","Blue","Blue","3"
"Mystic Outdoors Master","brand-colors","String","Tenant","Red","Red","4"
"Mystic Outdoors Master","brand-colors","String","Tenant","Yellow","Yellow","5"
"Mystic Outdoors Master","brand-colors","String","Tenant","Purple","Purple","6"
"Mystic Outdoors Master","brand-colors","String","Tenant","Green","Green","7"
"Mystic Outdoors Master","brand-colors","String","Tenant","Orange","Orange","8"
"Mystic Outdoors Master","brand-colors","String","Tenant","Teal","Teal","9"
"Mystic Outdoors Master","brand-colors","String","Tenant","Dijon-Brown/Urban-Navy","Dijon Brown/Urban Navy","10"
"Mystic Outdoors Master","brand-colors","String","Tenant","Poincianaornge/Asphltgry","Poincianaornge/Asphltgry","11"
"Mystic Outdoors Master","brand-colors","String","Tenant","Midnight-Blue","Midnight Blue","12"
"Mystic Outdoors Master","brand-colors","String","Tenant","Terra-Cotta/Silver","Terra Cotta/Silver","13"
"Mystic Outdoors Master","brand-colors","String","Tenant","Mystic-Magenta","Mystic Magenta","14"
"Mystic Outdoors Master","brand-colors","String","Tenant","Grey/Putty/Apple-Green","Grey/Putty/Apple Green","15"
"Mystic Outdoors Master","brand-colors","String","Tenant","Stormcloud-Grey","Stormcloud Grey","16"
"Mystic Outdoors Master","brand-colors","String","Tenant","Grey","Grey","17"
"Mystic Outdoors Master","brand-colors","String","Tenant","Deep-Sea-Blue","Deep Sea Blue","18"
"Mystic Outdoors Master","brand-colors","String","Tenant","Orange/Cream","Orange/Cream","19"
"Mystic Outdoors Master","brand-colors","String","Tenant","Anthracite-Black","Anthracite Black","20"
"Mystic Outdoors Master","brand-colors","String","Tenant","Sunset-Orange/Gray","Sunset Orange/Gray","21"
"Mystic Outdoors Master","brand-colors","String","Tenant","Pine-Green","Pine Green","22"
"Mystic Outdoors Master","brand-colors","String","Tenant","Tan/Yellow","Tan/Yellow","23"
"Mystic Outdoors Master","brand-colors","String","Tenant","Solar-Flare-Orange","Solar Flare Orange","24"
"Mystic Outdoors Master","brand-colors","String","Tenant","Gray/Plum","Gray/Plum","25"
"Mystic Outdoors Master","brand-colors","String","Tenant","Onyx-Black","Onyx Black","26"
"Mystic Outdoors Master","brand-colors","String","Tenant","Bay-Blue","Bay Blue","27"
"Mystic Outdoors Master","brand-colors","String","Tenant","Avatar-Blue","Avatar Blue","28"
"Mystic Outdoors Master","brand-colors","String","Tenant","Yellow/Red","Yellow/Red","29"
"Mystic Outdoors Master","brand-colors","String","Tenant","Flame-Orange","Flame Orange","30"
"Mystic Outdoors Master","brand-colors","String","Tenant","Orange/Fog","Orange/Fog","31"
"Mystic Outdoors Master","brand-colors","String","Tenant","Gunmetal","Gunmetal","32"
"Mystic Outdoors Master","brand-colors","String","Tenant","Green-Lime/Steel","Green Lime/Steel","33"
"Mystic Outdoors Master","brand-colors","String","Tenant","Pink-Lotus","Pink Lotus","34"
"Mystic Outdoors Master","brand-colors","String","Tenant","Grey-Ice","Grey Ice","35"
"Mystic Outdoors Master","brand-colors","String","Tenant","Aquamarine","Aquamarine","36"
"Mystic Outdoors Master","brand-colors","String","Tenant","Moss-Green","Moss Green","37"
"Mystic Outdoors Master","brand-colors","String","Tenant","Magma","Magma","38"
"Mystic Outdoors Master","brand-colors","String","Tenant","Nightsky","Nightsky","39"
"Mystic Outdoors Master","brand-colors","String","Tenant","Graphite/Bright-Fuchsia","Graphite/Bright Fuchsia","40"
"Mystic Outdoors Master","brand-colors","String","Tenant","Charcoal/Graphite","Charcoal/Graphite","41"
"Mystic Outdoors Master","brand-colors","String","Tenant","Gunmetal/Lime-Punch","Gunmetal/Lime Punch","42"
"Mystic Outdoors Master","brand-colors","String","Tenant","Cranberry/Aubergine","Cranberry/Aubergine","43"
"Mystic Outdoors Master","brand-colors","String","Tenant","Maple-Orange","Maple Orange","44"
"Mystic Outdoors Master","brand-colors","String","Tenant","Marine-Blue","Marine Blue","45"
"Mystic Outdoors Master","brand-colors","String","Tenant","Shadow-Black/Berry","Shadow Black/Berry","46"
"Mystic Outdoors Master","brand-colors","String","Tenant","Sky--Blue","Sky  Blue","47"
"Mystic Outdoors Master","brand-colors","String","Tenant","Storm-Black","Storm Black","48"
"Mystic Outdoors Master","brand-colors","String","Tenant","Green-Apple","Green Apple","49"
"Mystic Outdoors Master","brand-colors","String","Tenant","Dark-Shadow","Dark Shadow","50"
"Mystic Outdoors Master","brand-colors","String","Tenant","Blue-Night","Blue Night","51"
"Mystic Outdoors Master","brand-colors","String","Tenant","Waxed-Field-Brown","Waxed Field Brown","52"
"Mystic Outdoors Master","brand-colors","String","Tenant","Titanium","Titanium","53"
"Mystic Outdoors Master","brand-colors","String","Tenant","Thunderhead-Grey","Thunderhead Grey","54"
"Mystic Outdoors Master","brand-colors","String","Tenant","Dark-Raspberry","Dark Raspberry","55"
"Mystic Outdoors Master","brand-colors","String","Tenant","Chromatic-Yellow","Chromatic Yellow","56"
"Mystic Outdoors Master","brand-colors","String","Tenant","True-Teal","True Teal","57"
"Mystic Outdoors Master","brand-colors","String","Tenant","Fire","Fire","58"
"Mystic Outdoors Master","brand-colors","String","Tenant","Molten-Lava","Molten Lava","59"
"Mystic Outdoors Master","brand-colors","String","Tenant","Grey-Tar/Forge-Grey","Grey Tar/Forge Grey","60"
"Mystic Outdoors Master","brand-colors","String","Tenant","Black/Lime-Punch","Black/Lime Punch","61"
"Mystic Outdoors Master","brand-colors","String","Tenant","Diablo","Diablo","62"
"Mystic Outdoors Master","brand-colors","String","Tenant","Desert-Camo","Desert Camo","63"
"Mystic Outdoors Master","brand-colors","String","Tenant","Liberty","Liberty","64"
"Mystic Outdoors Master","brand-colors","String","Tenant","Dusk","Dusk","65"
"Mystic Outdoors Master","brand-colors","String","Tenant","Sangria","Sangria","66"
"Mystic Outdoors Master","brand-colors","String","Tenant","Nightshade","Nightshade","67"
"Mystic Outdoors Master","brand-colors","String","Tenant","Slate","Slate","68"
"Mystic Outdoors Master","brand-colors","String","Tenant","Big-Sur-Blue","Big Sur Blue","69"
"Mystic Outdoors Master","brand-colors","String","Tenant","Pelican","Pelican","70"
"Mystic Outdoors Master","brand-colors","String","Tenant","Cairn","Cairn","71"
"Mystic Outdoors Master","brand-colors","String","Tenant","Earth","Earth","72"
"Mystic Outdoors Master","brand-colors","String","Tenant","Pewter","Pewter","73"
"Mystic Outdoors Master","brand-colors","String","Tenant","Crocus","Crocus","74"
"Mystic Outdoors Master","brand-colors","String","Tenant","Seaport","Seaport","75"
"Mystic Outdoors Master","brand-colors","String","Tenant","Wheat","Wheat","76"
"Mystic Outdoors Master","brand-colors","String","Tenant","Dusty-Rose","Dusty Rose","77"
"Mystic Outdoors Master","brand-colors","String","Tenant","Silver-Gray-Heather","Silver Gray Heather","78"
"Mystic Outdoors Master","brand-colors","String","Tenant","Charcoal","Charcoal","79"
"Mystic Outdoors Master","brand-colors","String","Tenant","Cardinal-Red/Asphalt-Grey","Cardinal Red/Asphalt Grey","80"
"Mystic Outdoors Master","brand-colors","String","Tenant","Orchid","Orchid","81"
"Mystic Outdoors Master","brand-colors","String","Tenant","Glacier-Grey","Glacier Grey","82"
"Mystic Outdoors Master","brand-colors","String","Tenant","Night/Ultraviolet","Night/Ultraviolet","83"
"Mystic Outdoors Master","brand-colors","String","Tenant","Sunglow","Sunglow","84"
"Mystic Outdoors Master","brand-colors","String","Tenant","Sockeye-Red","Sockeye Red","85"
"Mystic Outdoors Master","brand-colors","String","Tenant","Wave-Orange","Wave Orange","86"
"Mystic Outdoors Master","brand-colors","String","Tenant","Red-Currant","Red Currant","87"
"Mystic Outdoors Master","brand-colors","String","Tenant","Granite-Gray","Granite Gray","88"
"Mystic Outdoors Master","brand-colors","String","Tenant","Blue-Spring","Blue Spring","89"
"Mystic Outdoors Master","brand-colors","String","Tenant","Pacific-Blue","Pacific Blue","90"
"Mystic Outdoors Master","brand-colors","String","Tenant","Blue-Mountains","Blue Mountains","91"
"Mystic Outdoors Master","brand-colors","String","Tenant","Monument-Valley","Monument Valley","92"
"Mystic Outdoors Master","brand-colors","String","Tenant","Meadow-Green","Meadow Green","93"
"Mystic Outdoors Master","brand-colors","String","Tenant","Twilight-Gray","Twilight Gray","94"
"Mystic Outdoors Master","brand-colors","String","Tenant","Blue-Petal","Blue Petal","95"
"Mystic Outdoors Master","brand-colors","String","Tenant","Camper-Arrows","Camper Arrows","96"
"Mystic Outdoors Master","brand-colors","String","Tenant","Slate/Caramel","Slate/Caramel","97"
"Mystic Outdoors Master","brand-colors","String","Tenant","Gray/Mint","Gray/Mint","98"
"Mystic Outdoors Master","brand-colors","String","Tenant","Burnt-Maple","Burnt Maple","99"
"Mystic Outdoors Master","brand-colors","String","Tenant","Olive","Olive","100"
"Mystic Outdoors Master","brand-colors","String","Tenant","Autobahn/Black/Tomato-Red","Autobahn/Black/Tomato Red","101"
"Mystic Outdoors Master","brand-colors","String","Tenant","Sesame","Sesame","102"
"Mystic Outdoors Master","brand-colors","String","Tenant","Granite","Granite","103"
"Mystic Outdoors Master","brand-colors","String","Tenant","Bitter-Root","Bitter Root","104"
"Mystic Outdoors Master","brand-colors","String","Tenant","Sodalite","Sodalite","105"
"Mystic Outdoors Master","brand-colors","String","Tenant","Dark-Gray/Navy","Dark Gray/Navy","106"
"Mystic Outdoors Master","brand-colors","String","Tenant","Dark-Olive","Dark Olive","107"
"Mystic Outdoors Master","brand-colors","String","Tenant","Black/Cajun","Black/Cajun","108"
"Mystic Outdoors Master","brand-colors","String","Tenant","Graphite","Graphite","109"
"Mystic Outdoors Master","brand-colors","String","Tenant","Graphite/Black","Graphite/Black","110"
"Mystic Outdoors Master","brand-colors","String","Tenant","Black/Greenery","Black/Greenery","111"
"Mystic Outdoors Master","brand-colors","String","Tenant","India-Ink/Macaw","India Ink/Macaw","112"
"Mystic Outdoors Master","brand-colors","String","Tenant","Raven/Burnt-Ochre","Raven/Burnt Ochre","113"
"Mystic Outdoors Master","brand-colors","String","Tenant","Dark-Shadow-Grey/Green","Dark Shadow Grey/Green","114"
"Mystic Outdoors Master","brand-colors","String","Tenant","Tnf-Black/Tnf-White","Tnf Black/Tnf White","115"
"Mystic Outdoors Master","brand-colors","String","Tenant","Griffin-Grey/Shady-Blue","Griffin Grey/Shady Blue","116"
"Mystic Outdoors Master","brand-colors","String","Tenant","Brown/Green","Brown/Green","117"
"Mystic Outdoors Master","brand-colors","String","Tenant","Brown","Brown","118"
"Mystic Outdoors Master","brand-colors","String","Tenant","Radiance/Goat","Radiance/Goat","119"
"Mystic Outdoors Master","brand-colors","String","Tenant","Silver-Birch/Canteen","Silver Birch/Canteen","120"
"Mystic Outdoors Master","brand-colors","String","Tenant","Magenta","Magenta","121"
"Mystic Outdoors Master","brand-colors","String","Tenant","Barley","Barley","122"
"Mystic Outdoors Master","brand-colors","String","Tenant","Royal-Lilac/Adventurine","Royal Lilac/Adventurine","123"
"Mystic Outdoors Master","brand-colors","String","Tenant","Gray/Wild-Dove","Gray/Wild Dove","124"
"Mystic Outdoors Master","brand-colors","String","Tenant","Steel-Gray/Hydrangea","Steel Gray/Hydrangea","125"
"Mystic Outdoors Master","brand-colors","String","Tenant","Slate-Brown/Red-Mahogany","Slate Brown/Red Mahogany","126"
"Mystic Outdoors Master","brand-colors","String","Tenant","Castlerock/Tender-Shoots","Castlerock/Tender Shoots","127"
"Mystic Outdoors Master","brand-colors","String","Tenant","Dark-Purple/Purple-Sage","Dark Purple/Purple Sage","128"
"Mystic Outdoors Master","brand-colors","String","Tenant","Dark-Sand/Cendre","Dark Sand/Cendre","129"
"Mystic Outdoors Master","brand-colors","String","Tenant","Silver/Gray","Silver/Gray","130"
"Mystic Outdoors Master","brand-colors","String","Tenant","Cocoa-Brown","Cocoa Brown","131"
"Mystic Outdoors Master","brand-colors","String","Tenant","Honeysuckle-Pink/Tnf-White","Honeysuckle Pink/Tnf White","132"
"Mystic Outdoors Master","brand-colors","String","Tenant","Glacier","Glacier","133"
"Mystic Outdoors Master","brand-colors","String","Tenant","Leaf","Leaf","134"
"Mystic Outdoors Master","brand-colors","String","Tenant","Brown/Mint","Brown/Mint","135"
"Mystic Outdoors Master","brand-colors","String","Tenant","Ash-Stone","Ash Stone","136"
"Mystic Outdoors Master","brand-colors","String","Tenant","Black/Burnt-Olive","Black/Burnt Olive","137"
"Mystic Outdoors Master","brand-colors","String","Tenant","Magnet/Cerise-Pink","Magnet/Cerise Pink","138"
"Mystic Outdoors Master","brand-colors","String","Tenant","Midnight-Navy/Tawny-Olive","Midnight Navy/Tawny Olive","139"
"Mystic Outdoors Master","brand-colors","String","Tenant","Brown/Taupe/Clementine","Brown/Taupe/Clementine","140"
"Mystic Outdoors Master","brand-colors","String","Tenant","Warm-Grey/Beetroot/Salmon","Warm Grey/Beetroot/Salmon","141"
"Mystic Outdoors Master","brand-colors","String","Tenant","Navy","Navy","142"
"Mystic Outdoors Master","brand-colors","String","Tenant","Walnut","Walnut","143"
"Mystic Outdoors Master","brand-colors","String","Tenant","Emperor","Emperor","144"
"Mystic Outdoors Master","brand-colors","String","Tenant","Oatmeal","Oatmeal","145"
"Mystic Outdoors Master","brand-colors","String","Tenant","Light-Gray","Light Gray","146"
"Mystic Outdoors Master","brand-colors","String","Tenant","Taupe","Taupe","147"
"Mystic Outdoors Master","brand-colors","String","Tenant","Dark-Khaki","Dark Khaki","148"
"Mystic Outdoors Master","brand-colors","String","Tenant","Gray","Gray","149"
"Mystic Outdoors Master","brand-colors","String","Tenant","Medium-Gray","Medium Gray","150"
"Mystic Outdoors Master","brand-colors","String","Tenant","Oatmeal-Heather","Oatmeal Heather","151"
"Mystic Outdoors Master","brand-colors","String","Tenant","Berry","Berry","152"
"Mystic Outdoors Master","brand-colors","String","Tenant","Desert-Purple-Heather","Desert Purple Heather","153"
"Mystic Outdoors Master","brand-colors","String","Tenant","Glacial-Blue-Heather","Glacial Blue Heather","154"
"Mystic Outdoors Master","brand-colors","String","Tenant","Light-Gray-Heather","Light Gray Heather","155"
"Mystic Outdoors Master","brand-colors","String","Tenant","Kiwi","Kiwi","156"
"Mystic Outdoors Master","brand-colors","String","Tenant","Passion-Fruit","Passion Fruit","157"
"Mystic Outdoors Master","brand-colors","String","Tenant","Tangerine","Tangerine","158"
"Mystic Outdoors Master","brand-colors","String","Tenant","Blu-Shark","Blu Shark","159"
"Mystic Outdoors Master","brand-colors","String","Tenant","Mango","Mango","160"
"Mystic Outdoors Master","brand-colors","String","Tenant","Pink-Flambe","Pink Flambe","161"
"Mystic Outdoors Master","brand-colors","String","Tenant","Sunrise-Red","Sunrise Red","162"
"Mystic Outdoors Master","brand-colors","String","Tenant","Charcoal-Heather","Charcoal Heather","163"
"Mystic Outdoors Master","brand-colors","String","Tenant","Deep-Navy-Heather/Gray-Heather","Deep Navy Heather/Gray Heather","164"
"Mystic Outdoors Master","brand-colors","String","Tenant","Deep-Navy","Deep Navy","165"
"Mystic Outdoors Master","brand-colors","String","Tenant","Ash-Heather","Ash Heather","166"
"Mystic Outdoors Master","brand-colors","String","Tenant","Red/Gray","Red/Gray","167"
"Mystic Outdoors Master","brand-colors","String","Tenant","Desert-Purple","Desert Purple","168"
"Mystic Outdoors Master","brand-colors","String","Tenant","Charcoal/Bright-Orange","Charcoal/Bright Orange","169"
"Mystic Outdoors Master","brand-colors","String","Tenant","Medium-Gray-Heather/Green","Medium Gray Heather/Green","170"
"Mystic Outdoors Master","brand-colors","String","Tenant","Black/White","Black/White","171"
"Mystic Outdoors Master","brand-colors","String","Tenant","Silver","Silver","172"
"Mystic Outdoors Master","brand-colors","String","Tenant","Smartwool-Green","Smartwool Green","173"
"Mystic Outdoors Master","brand-colors","String","Tenant","Slate-Grey/Black","Slate Grey/Black","174"
"Mystic Outdoors Master","brand-colors","String","Tenant","Slate-Grey/Metal","Slate Grey/Metal","175"
"Mystic Outdoors Master","brand-colors","String","Tenant","Black/Black","Black/Black","176"
"Mystic Outdoors Master","brand-colors","String","Tenant","Champagne/Gray-Suede","Champagne/Gray Suede","177"
"Mystic Outdoors Master","brand-colors","String","Tenant","Champagne/Metal","Champagne/Metal","178"
"Mystic Outdoors Master","brand-colors","String","Tenant","Rose-Gold/Cararra-White","Rose Gold/Cararra White","179"
"Mystic Outdoors Master","brand-colors","String","Tenant","Amber","Amber","180"
"Mystic Outdoors Master","brand-colors","String","Tenant","Everglade","Everglade","181"
"Mystic Outdoors Master","brand-colors","String","Tenant","Limon","Limon","182"
"Mystic Outdoors Master","brand-colors","String","Tenant","Pomegranate","Pomegranate","183"
"Mystic Outdoors Master","brand-colors","String","Tenant","Feather-Grey","Feather Grey","184"
"Mystic Outdoors Master","brand-colors","String","Tenant","Mariner","Mariner","185"
"Mystic Outdoors Master","brand-colors","String","Tenant","Coral/Berry","Coral/Berry","186"
"Mystic Outdoors Master","brand-colors","String","Tenant","Turquoise/Caribe-Print","Turquoise/Caribe Print","187"
"Mystic Outdoors Master","brand-colors","String","Tenant","Fractal-Green/Blue","Fractal Green/Blue","188"
"Mystic Outdoors Master","brand-colors","String","Tenant","Blue/White/Red","Blue/White/Red","189"
"Mystic Outdoors Master","brand-colors","String","Tenant","Fern-Green","Fern Green","190"
"Mystic Outdoors Master","brand-colors","String","Tenant","Ebony","Ebony","191"
"Mystic Outdoors Master","brand-colors","String","Tenant","Strobe-Green","Strobe Green","192"
"Mystic Outdoors Master","brand-colors","String","Tenant","Clear","Clear","193"
"Mystic Outdoors Master","brand-colors","String","Tenant","Limestone-Camo","Limestone Camo","194"
"Mystic Outdoors Master","brand-colors","String","Tenant","Vanda-Orchid","Vanda Orchid","195"
"Mystic Outdoors Master","brand-colors","String","Tenant","Andes-Blue","Andes Blue","196"
"Mystic Outdoors Master","brand-colors","String","Tenant","Buffalo-Green","Buffalo Green","197"
"Mystic Outdoors Master","brand-colors","String","Tenant","Oaks-Brown","Oaks Brown","198"
"Mystic Outdoors Master","brand-colors","String","Tenant","Asphalt-Grey/Tnf-Black","Asphalt Grey/Tnf Black","199"
"Mystic Outdoors Master","brand-colors","String","Tenant","Shady-Blue/Urban-Navy","Shady Blue/Urban Navy","200"
"Mystic Outdoors Master","brand-colors","String","Tenant","Tnf-Black","Tnf Black","201"
"Mystic Outdoors Master","brand-colors","String","Tenant","Shark/Titanium","Shark/Titanium","202"
"Mystic Outdoors Master","brand-colors","String","Tenant","Manta-Grey","Manta Grey","203"
"Mystic Outdoors Master","brand-colors","String","Tenant","State-Orange","State Orange","204"
"Mystic Outdoors Master","brand-colors","String","Tenant","Mud","Mud","205"
"Mystic Outdoors Master","brand-colors","String","Tenant","Sapphire","Sapphire","206"
"Mystic Outdoors Master","brand-colors","String","Tenant","Spruce","Spruce","207"
"Mystic Outdoors Master","brand-colors","String","Tenant","Dark-Violet","Dark Violet","208"
"Mystic Outdoors Master","brand-colors","String","Tenant","Ruby","Ruby","209"
"Mystic Outdoors Master","brand-colors","String","Tenant","Cosmic-Blue-Heather","Cosmic Blue Heather","210"
"Mystic Outdoors Master","brand-colors","String","Tenant","Granite-Bluff-Tan","Granite Bluff Tan","211"
"Mystic Outdoors Master","brand-colors","String","Tenant","Raisin","Raisin","212"
"Mystic Outdoors Master","brand-colors","String","Tenant","Sandstorm","Sandstorm","213"
"Mystic Outdoors Master","brand-colors","String","Tenant","Zinc","Zinc","214"
"Mystic Outdoors Master","brand-colors","String","Tenant","Black/Dark-Grey-Heather","Black/Dark Grey Heather","215"
"Mystic Outdoors Master","brand-colors","String","Tenant","Cayenne-Red","Cayenne Red","216"
"Mystic Outdoors Master","brand-colors","String","Tenant","Odysseus","Odysseus","217"
"Mystic Outdoors Master","brand-colors","String","Tenant","Dune-Beige-Heather","Dune Beige Heather","218"
"Mystic Outdoors Master","brand-colors","String","Tenant","Cardinal-Red","Cardinal Red","219"
"Mystic Outdoors Master","brand-colors","String","Tenant","Mid-Grey","Mid Grey","220"
"Mystic Outdoors Master","brand-colors","String","Tenant","Zinnia-Orange/Black","Zinnia Orange/Black","221"
"Mystic Outdoors Master","brand-colors","String","Tenant","Ceylon-Blue/Dark-Sapphire","Ceylon Blue/Dark Sapphire","222"
"Mystic Outdoors Master","brand-colors","String","Tenant","Slate-Blue/Moroccan-Blue","Slate Blue/Moroccan Blue","223"
"Mystic Outdoors Master","brand-colors","String","Tenant","Deep-Olive","Deep Olive","224"
"Mystic Outdoors Master","brand-colors","String","Tenant","Alpine-Green","Alpine Green","225"
"Mystic Outdoors Master","brand-colors","String","Tenant","Light-Khaki","Light Khaki","226"
"Mystic Outdoors Master","brand-colors","String","Tenant","Tnf-Medium-Grey-Heather","Tnf Medium Grey Heather","227"
"Mystic Outdoors Master","brand-colors","String","Tenant","Urban-Navy","Urban Navy","228"
"Mystic Outdoors Master","brand-colors","String","Tenant","Asphalt-Grey","Asphalt Grey","229"
"Mystic Outdoors Master","brand-colors","String","Tenant","Moonlight-Ivory","Moonlight Ivory","230"
"Mystic Outdoors Master","brand-colors","String","Tenant","Metallic-Silver","Metallic Silver","231"
"Mystic Outdoors Master","brand-colors","String","Tenant","Amparo-Blue","Amparo Blue","232"
"Mystic Outdoors Master","brand-colors","String","Tenant","Bellflower-Purple","Bellflower Purple","233"
"Mystic Outdoors Master","brand-colors","String","Tenant","Honeysuckle-Pink","Honeysuckle Pink","234"
"Mystic Outdoors Master","brand-colors","String","Tenant","Carve-Coral","Carve Coral","235"
"Mystic Outdoors Master","brand-colors","String","Tenant","Galah-Green","Galah Green","236"
"Mystic Outdoors Master","brand-colors","String","Tenant","Galah-Green/Nouveau-Green","Galah Green/Nouveau Green","237"
"Mystic Outdoors Master","brand-colors","String","Tenant","Petoskey-Purple","Petoskey Purple","238"
"Mystic Outdoors Master","brand-colors","String","Tenant","Radar-Blue/Big-Sur-Blue","Radar Blue/Big Sur Blue","239"
"Mystic Outdoors Master","brand-colors","String","Tenant","Citrus-Ice","Citrus Ice","240"
"Mystic Outdoors Master","brand-colors","String","Tenant","Fuchsia","Fuchsia","241"
"Mystic Outdoors Master","brand-colors","String","Tenant","Green-Frost/Green-Garnet","Green Frost/Green Garnet","242"
"Mystic Outdoors Master","brand-colors","String","Tenant","Pop-Green","Pop Green","243"
"Mystic Outdoors Master","brand-colors","String","Tenant","Sea-Breeze/Arctic-Navy","Sea Breeze/Arctic Navy","244"
"Mystic Outdoors Master","brand-colors","String","Tenant","Wild-Rose","Wild Rose","245"
"Mystic Outdoors Master","brand-colors","String","Tenant","Dark-Purple","Dark Purple","246"
"Mystic Outdoors Master","brand-colors","String","Tenant","Gemstone","Gemstone","247"
"Mystic Outdoors Master","brand-colors","String","Tenant","Dusty-Denim","Dusty Denim","248"
"Mystic Outdoors Master","brand-colors","String","Tenant","Skyrise/Paradise","Skyrise/Paradise","249"
"Mystic Outdoors Master","brand-colors","String","Tenant","Urban-Army","Urban Army","250"
"Mystic Outdoors Master","brand-colors","String","Tenant","Persian-Red","Persian Red","251"
"Mystic Outdoors Master","brand-colors","String","Tenant","Neon-Berry","Neon Berry","252"
"Mystic Outdoors Master","brand-colors","String","Tenant","Sunny-Lime","Sunny Lime","253"
"Mystic Outdoors Master","brand-colors","String","Tenant","Marionberry","Marionberry","254"
"Mystic Outdoors Master","brand-colors","String","Tenant","Cornflower","Cornflower","255"
"Mystic Outdoors Master","brand-colors","String","Tenant","Elderberry","Elderberry","256"
"Mystic Outdoors Master","brand-colors","String","Tenant","Pacific-Blue/Titanium","Pacific Blue/Titanium","257"
"Mystic Outdoors Master","brand-colors","String","Tenant","Quiet-Shade/Asphalt","Quiet Shade/Asphalt","258"
"Mystic Outdoors Master","brand-colors","String","Tenant","Purple-Rain","Purple Rain","259"
"Mystic Outdoors Master","brand-colors","String","Tenant","Grape","Grape","260"
"Mystic Outdoors Master","brand-colors","String","Tenant","Watermelon","Watermelon","261"
"Mystic Outdoors Master","brand-colors","String","Tenant","Evening-Blue","Evening Blue","262"
"Mystic Outdoors Master","brand-colors","String","Tenant","Paisley-Purple","Paisley Purple","263"
"Mystic Outdoors Master","brand-colors","String","Tenant","Teal/Voltage","Teal/Voltage","264"
"Mystic Outdoors Master","brand-colors","String","Tenant","Night/Dusk","Night/Dusk","265"
"Mystic Outdoors Master","brand-colors","String","Tenant","Vintage/Earth","Vintage/Earth","266"
"Mystic Outdoors Master","brand-colors","String","Tenant","Greengables","Greengables","267"
"Mystic Outdoors Master","brand-colors","String","Tenant","Desert-Sage","Desert Sage","268"
"Mystic Outdoors Master","brand-colors","String","Tenant","Lake-Blue","Lake Blue","269"
"Mystic Outdoors Master","brand-colors","String","Tenant","Curfew","Curfew","270"
"Mystic Outdoors Master","brand-colors","String","Tenant","Jet-Black","Jet Black","271"
"Mystic Outdoors Master","brand-colors","String","Tenant","Hawthorn","Hawthorn","272"
"Mystic Outdoors Master","brand-colors","String","Tenant","Khaki","Khaki","273"
"Mystic Outdoors Master","brand-colors","String","Tenant","Pirate-Blue","Pirate Blue","274"
"Mystic Outdoors Master","brand-colors","String","Tenant","Peninsula","Peninsula","275"
"Mystic Outdoors Master","brand-colors","String","Tenant","Agave","Agave","276"
"Mystic Outdoors Master","brand-colors","String","Tenant","Caliente","Caliente","277"
"Mystic Outdoors Master","brand-colors","String","Tenant","Minky","Minky","278"
"Mystic Outdoors Master","brand-colors","String","Tenant","Suave-Mauve","Suave Mauve","279"
"Mystic Outdoors Master","brand-colors","String","Tenant","Black-Spacedye","Black Spacedye","280"
"Mystic Outdoors Master","brand-colors","String","Tenant","Bluebell-Spacedye","Bluebell Spacedye","281"
"Mystic Outdoors Master","brand-colors","String","Tenant","Sparrow-Spacedye","Sparrow Spacedye","282"
"Mystic Outdoors Master","brand-colors","String","Tenant","Atmosphere","Atmosphere","283"
"Mystic Outdoors Master","brand-colors","String","Tenant","Bone","Bone","284"
"Mystic Outdoors Master","brand-colors","String","Tenant","Tango","Tango","285"
"Mystic Outdoors Master","brand-colors","String","Tenant","Lupine","Lupine","286"
"Mystic Outdoors Master","brand-colors","String","Tenant","Tropez","Tropez","287"
"Mystic Outdoors Master","brand-colors","String","Tenant","Atmosfear","Atmosfear","288"
"Mystic Outdoors Master","brand-colors","String","Tenant","Cloudburst","Cloudburst","289"
"Mystic Outdoors Master","brand-colors","String","Tenant","Steam","Steam","290"
"Mystic Outdoors Master","brand-colors","String","Tenant","Sunset-Red/Carbon","Sunset Red/Carbon","291"
"Mystic Outdoors Master","brand-colors","String","Tenant","Tarn","Tarn","292"
"Mystic Outdoors Master","brand-colors","String","Tenant","Blue-Moon","Blue Moon","293"
"Mystic Outdoors Master","brand-colors","String","Tenant","Iron-Oxide","Iron Oxide","294"
"Mystic Outdoors Master","brand-colors","String","Tenant","Rhyolite","Rhyolite","295"
"Mystic Outdoors Master","brand-colors","String","Tenant","Forge-Grey","Forge Grey","296"
"Mystic Outdoors Master","brand-colors","String","Tenant","Dark-Ginger","Dark Ginger","297"
"Mystic Outdoors Master","brand-colors","String","Tenant","Hardwear-Navy","Hardwear Navy","298"
"Mystic Outdoors Master","brand-colors","String","Tenant","Shark","Shark","299"
"Mystic Outdoors Master","brand-colors","String","Tenant","Mystic-Black","Mystic Black","300"
"Mystic Outdoors Master","brand-colors","String","Tenant","Hunter/Grey-Heather","Hunter/Grey Heather","301"
"Mystic Outdoors Master","brand-colors","String","Tenant","Obsidian","Obsidian","302"
"Mystic Outdoors Master","brand-colors","String","Tenant","Cargo-Green","Cargo Green","303"
"Mystic Outdoors Master","brand-colors","String","Tenant","Moonrock","Moonrock","304"
"Mystic Outdoors Master","brand-colors","String","Tenant","Lt-Khaki","Lt Khaki","305"
"Mystic Outdoors Master","brand-colors","String","Tenant","Stone","Stone","306"
"Mystic Outdoors Master","brand-colors","String","Tenant","Tundra","Tundra","307"
"Mystic Outdoors Master","brand-colors","String","Tenant","Mood-Indigo","Mood Indigo","308"
"Mystic Outdoors Master","brand-colors","String","Tenant","Bluebell","Bluebell","309"
"Mystic Outdoors Master","brand-colors","String","Tenant","El-Cap-Khaki","El Cap Khaki","310"
"Mystic Outdoors Master","brand-colors","String","Tenant","Forge-Grey/Forest-Camo","Forge Grey/Forest Camo","311"
"Mystic Outdoors Master","brand-colors","String","Tenant","Fossill","Fossill","312"
"Mystic Outdoors Master","brand-colors","String","Tenant","Cerise/C-Street-Small","Cerise/C Street Small","313"
"Mystic Outdoors Master","brand-colors","String","Tenant","Superior-Blue","Superior Blue","314"
"Mystic Outdoors Master","brand-colors","String","Tenant","Marigold","Marigold","315"
"Mystic Outdoors Master","hat-style","String","Tenant","Beanie","Beanie","1"
"Mystic Outdoors Master","hat-style","String","Tenant","Winter-Hat","Winter Hat","2"
"Mystic Outdoors Master","hat-style","String","Tenant","Ball-Cap","Ball Cap","3"
"Mystic Outdoors Master","hat-style","String","Tenant","Rain-Hat","Rain Hat","4"
"Mystic Outdoors Master","hat-style","String","Tenant","Sun-Hat","Sun Hat","5"
"Mystic Outdoors Master","hat-style","String","Tenant","Headband","Headband","6"
"Mystic Outdoors Master","number-of-exterior-pockets","String","Tenant","1","1","1"
"Mystic Outdoors Master","number-of-exterior-pockets","String","Tenant","2","2","2"
"Mystic Outdoors Master","number-of-exterior-pockets","String","Tenant","3---main-compartment","3 + main compartment","3"
"Mystic Outdoors Master","number-of-exterior-pockets","String","Tenant","4---main-compartment","4 + main compartment","4"
"Mystic Outdoors Master","number-of-exterior-pockets","String","Tenant","5---main-compartment","5 + main compartment","5"
"Mystic Outdoors Master","number-of-exterior-pockets","String","Tenant","6---main-compartment","6 + main compartment","6"
"Mystic Outdoors Master","number-of-exterior-pockets","String","Tenant","8---main-compartment","8 + main compartment","7"
"Mystic Outdoors Master","number-of-exterior-pockets","String","Tenant","9---main-compartment","9 + main compartment","8"
"Mystic Outdoors Master","heart-rate-sensor-type","String","Tenant","Wrist-based","Wrist-based","1"
"Mystic Outdoors Master","heart-rate-sensor-type","String","Tenant","Chest-Strap-Based","Chest Strap Based","2"
"Mystic Outdoors Master","trip-length-capacity","String","Tenant","Wekend--35-50L-","Wekend (35-50L)","1"
"Mystic Outdoors Master","trip-length-capacity","String","Tenant","Multiday--50-80L-","Multiday (50-80L)","2"
"Mystic Outdoors Master","trip-length-capacity","String","Tenant","Extended--70-L-","Extended (70+L)","3"
"Mystic Outdoors Master","uscg-classification","String","Tenant","Type-III","Type III","1"
"Mystic Outdoors Master","seasons","String","Tenant","2-Season","2 Season","1"
"Mystic Outdoors Master","seasons","String","Tenant","3---4-Season","3 - 4 Season","2"
"Mystic Outdoors Master","seasons","String","Tenant","3-Season","3 Season","3"
"Mystic Outdoors Master","seasons","String","Tenant","4-Season","4 Season","4"
"Mystic Outdoors Master","uv-protection","String","Tenant","100-percent","100 percent","1"
"Mystic Outdoors Master","compatible-fitness-accessories","String","Tenant","Heart-Rate-Monitor","Heart Rate Monitor","1"
"Mystic Outdoors Master","shirt-size","String","Tenant","XS","XS","1"
"Mystic Outdoors Master","shirt-size","String","Tenant","Small","Small","2"
"Mystic Outdoors Master","shirt-size","String","Tenant","Medium","Medium","3"
"Mystic Outdoors Master","shirt-size","String","Tenant","Medium-Tall","Medium Tall","4"
"Mystic Outdoors Master","shirt-size","String","Tenant","Large","Large","5"
"Mystic Outdoors Master","shirt-size","String","Tenant","Large-Tall","Large Tall","6"
"Mystic Outdoors Master","shirt-size","String","Tenant","XL","XL","7"
"Mystic Outdoors Master","shirt-size","String","Tenant","XL-Tall","XL Tall","8"
"Mystic Outdoors Master","shirt-size","String","Tenant","2XL","2XL","9"
"Mystic Outdoors Master","shirt-size","String","Tenant","2XL-Tall","2XL Tall","10"
"Mystic Outdoors Master","shirt-size","String","Tenant","3XL","3XL","11"
"Mystic Outdoors Master","shirt-size","String","Tenant","3XL-Tall","3XL Tall","12"
"Mystic Outdoors Master","customization","String","Tenant","Apps","Apps","1"
"Mystic Outdoors Master","customization","String","Tenant","Widgets","Widgets","2"
"Mystic Outdoors Master","customization","String","Tenant","Data-Fields","Data Fields","3"
"Mystic Outdoors Master","customization","String","Tenant","Watch-Faces","Watch Faces","4"
"Mystic Outdoors Master","illumination","String","Tenant","Backlight","Backlight","1"
"Mystic Outdoors Master","shirt-style","String","Tenant","Button-front","Button-front","1"
"Mystic Outdoors Master","shirt-style","String","Tenant","Crew","Crew","2"
"Mystic Outdoors Master","shirt-style","String","Tenant","V-neck","V-neck","3"
"Mystic Outdoors Master","shirt-style","String","Tenant","Scoop","Scoop","4"
"Mystic Outdoors Master","shirt-style","String","Tenant","Partial-Zip","Partial Zip","5"
"Mystic Outdoors Master","shirt-style","String","Tenant","Henley","Henley","6"
"Mystic Outdoors Master","inseam-in.-","Number","Tenant","2","","1"
"Mystic Outdoors Master","inseam-in.-","Number","Tenant","3","","2"
"Mystic Outdoors Master","inseam-in.-","Number","Tenant","4","","3"
"Mystic Outdoors Master","inseam-in.-","Number","Tenant","5","","4"
"Mystic Outdoors Master","inseam-in.-","Number","Tenant","6","","5"
"Mystic Outdoors Master","inseam-in.-","Number","Tenant","7","","6"
"Mystic Outdoors Master","inseam-in.-","Number","Tenant","8","","7"
"Mystic Outdoors Master","inseam-in.-","Number","Tenant","9","","8"
"Mystic Outdoors Master","inseam-in.-","Number","Tenant","10","","9"
"Mystic Outdoors Master","inseam-in.-","Number","Tenant","11","","10"
"Mystic Outdoors Master","inseam-in.-","Number","Tenant","12","","11"
"Mystic Outdoors Master","inseam-in.-","Number","Tenant","14","","12"
"Mystic Outdoors Master","inseam-in.-","Number","Tenant","15","","13"
"Mystic Outdoors Master","inseam-in.-","Number","Tenant","17","","14"
"Mystic Outdoors Master","inseam-in.-","Number","Tenant","18","","15"
"Mystic Outdoors Master","inseam-in.-","Number","Tenant","19","","16"
"Mystic Outdoors Master","inseam-in.-","Number","Tenant","21","","17"
"Mystic Outdoors Master","inseam-in.-","Number","Tenant","22","","18"
"Mystic Outdoors Master","inseam-in.-","Number","Tenant","24","","19"
"Mystic Outdoors Master","inseam-in.-","Number","Tenant","26","","20"
"Mystic Outdoors Master","inseam-in.-","Number","Tenant","28","","21"
"Mystic Outdoors Master","inseam-in.-","Number","Tenant","29","","22"
"Mystic Outdoors Master","inseam-in.-","Number","Tenant","30","","23"
"Mystic Outdoors Master","inseam-in.-","Number","Tenant","31","","24"
"Mystic Outdoors Master","inseam-in.-","Number","Tenant","32","","25"
"Mystic Outdoors Master","inseam-in.-","Number","Tenant","33","","26"
"Mystic Outdoors Master","inseam-in.-","Number","Tenant","34","","27"
"Mystic Outdoors Master","inseam-in.-","Number","Tenant","36","","28"
"Mystic Outdoors Master","dry-bag-shape","String","Tenant","Cylindrical","Cylindrical","1"
"Mystic Outdoors Master","dry-bag-shape","String","Tenant","Tapered","Tapered","2"
"Mystic Outdoors Master","external-charge","String","Tenant","Wall","Wall","1"
"Mystic Outdoors Master","external-charge","String","Tenant","USB","USB","2"
"Mystic Outdoors Master","shoe-size","String","Tenant","2","2","1"
"Mystic Outdoors Master","shoe-size","String","Tenant","3","3","2"
"Mystic Outdoors Master","shoe-size","String","Tenant","4","4","3"
"Mystic Outdoors Master","shoe-size","String","Tenant","5","5","4"
"Mystic Outdoors Master","shoe-size","String","Tenant","5.5","5.5","5"
"Mystic Outdoors Master","shoe-size","String","Tenant","6","6","5"
"Mystic Outdoors Master","shoe-size","String","Tenant","7","7","6"
"Mystic Outdoors Master","shoe-size","String","Tenant","6.5","6.5","7"
"Mystic Outdoors Master","shoe-size","String","Tenant","8","8","7"
"Mystic Outdoors Master","shoe-size","String","Tenant","9","9","8"
"Mystic Outdoors Master","shoe-size","String","Tenant","10","10","9"
"Mystic Outdoors Master","shoe-size","String","Tenant","7.5","7.5","9"
"Mystic Outdoors Master","shoe-size","String","Tenant","11","11","10"
"Mystic Outdoors Master","shoe-size","String","Tenant","12","12","11"
"Mystic Outdoors Master","shoe-size","String","Tenant","8.5","8.5","11"
"Mystic Outdoors Master","shoe-size","String","Tenant","13","13","12"
"Mystic Outdoors Master","shoe-size","String","Tenant","14","14","13"
"Mystic Outdoors Master","shoe-size","String","Tenant","9.5","9.5","13"
"Mystic Outdoors Master","shoe-size","String","Tenant","15","15","14"
"Mystic Outdoors Master","shoe-size","String","Tenant","10.5","10.5","15"
"Mystic Outdoors Master","shoe-size","String","Tenant","16","16","15"
"Mystic Outdoors Master","shoe-size","String","Tenant","17","17","16"
"Mystic Outdoors Master","shoe-size","String","Tenant","11.5","11.5","17"
"Mystic Outdoors Master","shoe-size","String","Tenant","12.5","12.5","19"
"Mystic Outdoors Master","shoe-size","String","Tenant","Kids-8","Kids 8","25"
"Mystic Outdoors Master","shoe-size","String","Tenant","Kids-9","Kids 9","26"
"Mystic Outdoors Master","shoe-size","String","Tenant","Kids-10","Kids 10","27"
"Mystic Outdoors Master","shoe-size","String","Tenant","Kids-11","Kids 11","28"
"Mystic Outdoors Master","shoe-size","String","Tenant","Kids-12","Kids 12","29"
"Mystic Outdoors Master","shoe-size","String","Tenant","Kids-13","Kids 13","30"
"Mystic Outdoors Master","shoe-size","String","Tenant","Kids-1","Kids 1","31"
"Mystic Outdoors Master","shoe-size","String","Tenant","Kids-2","Kids 2","32"
"Mystic Outdoors Master","shoe-size","String","Tenant","Kids-3","Kids 3","33"
"Mystic Outdoors Master","shoe-size","String","Tenant","Kids-4","Kids 4","34"
"Mystic Outdoors Master","shoe-size","String","Tenant","Kids-5","Kids 5","35"
"Mystic Outdoors Master","shoe-size","String","Tenant","Kids-6","Kids 6","36"
"Mystic Outdoors Master","watch-type","String","Tenant","GPS-Sports-Watch","GPS Sports Watch","1"
"Mystic Outdoors Master","watch-type","String","Tenant","Digital-Watch","Digital Watch","2"
"Mystic Outdoors Master","watch-type","String","Tenant","Analog-Watch","Analog Watch","3"
"Mystic Outdoors Master","watch-type","String","Tenant","Altimeter-Watches","Altimeter Watches","4"
"Mystic Outdoors Master","pack-loading","String","Tenant","Top","Top","1"
"Mystic Outdoors Master","pack-loading","String","Tenant","Front","Front","2"
"Mystic Outdoors Master","pack-loading","String","Tenant","Bottom","Bottom","3"
"Mystic Outdoors Master","pack-loading","String","Tenant","Side","Side","4"
"Mystic Outdoors Master","fabric-type","String","Tenant","Nylon-/-Nylon-Blend","Nylon / Nylon Blend","1"
"Mystic Outdoors Master","fabric-type","String","Tenant","Cotton-/-Cotton-Blend","Cotton / Cotton Blend","2"
"Mystic Outdoors Master","fabric-type","String","Tenant","Polyester-/-Polyester-Blend","Polyester / Polyester Blend","3"
"Mystic Outdoors Master","fabric-type","String","Tenant","Hemp-/-Linen-/-Blend","Hemp / Linen / Blend","4"
"Mystic Outdoors Master","fabric-type","String","Tenant","Polypropylene-/-Polypropylene-Blend","Polypropylene / Polypropylene Blend","5"
"Mystic Outdoors Master","fabric-type","String","Tenant","Wool-/-Wool-Blend","Wool / Wool Blend","6"
"Mystic Outdoors Master","fabric-type","String","Tenant","Synthetic-Blend","Synthetic Blend","7"
"Mystic Outdoors Master","fabric-type","String","Tenant","Merino-Wool","Merino Wool","8"
"Mystic Outdoors Master","fabric-type","String","Tenant","Acrylic","Acrylic","9"
"Mystic Outdoors Master","fabric-type","String","Tenant","Acrylic-/-Acrylic-Blend","Acrylic / Acrylic Blend","10"
"Mystic Outdoors Master","fabric-type","String","Tenant","Rayon-/-Rayon-Blend","Rayon / Rayon Blend","11"
"Mystic Outdoors Master","fabric-type","String","Tenant","Coolmax","Coolmax","12"
"Mystic Outdoors Master","fabric-type","String","Tenant","Polyester-Fleece","Polyester Fleece","13"
"Mystic Outdoors Master","fabric-type","String","Tenant","Nylon","Nylon","14"
"Mystic Outdoors Master","fabric-type","String","Tenant","Ripstop-Nylon","Ripstop Nylon","15"
"Mystic Outdoors Master","fabric-type","String","Tenant","Recycled-Ripstop-Nylon","Recycled Ripstop Nylon","16"
"Mystic Outdoors Master","fabric-type","String","Tenant","Ripstop-Polyester","Ripstop Polyester","17"
"Mystic Outdoors Master","fabric-type","String","Tenant","Recycled-Ripstop-Polyester","Recycled Ripstop Polyester","18"
"Mystic Outdoors Master","fabric-type","String","Tenant","Polyamide","Polyamide","19"
"Mystic Outdoors Master","fabric-type","String","Tenant","Polyester-Microfleece","Polyester Microfleece","20"
"Mystic Outdoors Master","insulation-type","String","Tenant","Down","Down","1"
"Mystic Outdoors Master","insulation-type","String","Tenant","Down-/-Synthetic-Blend","Down / Synthetic Blend","2"
"Mystic Outdoors Master","insulation-type","String","Tenant","Synthetic","Synthetic","3"
"Mystic Outdoors Master","insulation-type","String","Tenant","Air","Air","4"
"Mystic Outdoors Master","insulation-type","String","Tenant","Foam","Foam","5"
"Mystic Outdoors Master","faset-color","String","Tenant","Black","Black","1"
"Mystic Outdoors Master","faset-color","String","Tenant","White","White","2"
"Mystic Outdoors Master","faset-color","String","Tenant","Blue","Blue","3"
"Mystic Outdoors Master","faset-color","String","Tenant","Red","Red","4"
"Mystic Outdoors Master","faset-color","String","Tenant","Yellow","Yellow","5"
"Mystic Outdoors Master","faset-color","String","Tenant","Green","Green","6"
"Mystic Outdoors Master","faset-color","String","Tenant","Orange","Orange","7"
"Mystic Outdoors Master","faset-color","String","Tenant","Purple","Purple","8"
"Mystic Outdoors Master","faset-color","String","Tenant","Pink","Pink","9"
"Mystic Outdoors Master","faset-color","String","Tenant","Grey","Grey","10"
"Mystic Outdoors Master","faset-color","String","Tenant","Multi","Multi","11"
"Mystic Outdoors Master","size","String","Tenant","Small","S","1"
"Mystic Outdoors Master","size","String","Tenant","Medium","M","2"
"Mystic Outdoors Master","size","String","Tenant","Large","L","3"
"Mystic Outdoors Master","size","String","Tenant","Extra Large","XL","4"
"Mystic Outdoors Master","size","String","Tenant","XS/S","XS/S","5"
"Mystic Outdoors Master","size","String","Tenant","S/M","S/M","6"
"Mystic Outdoors Master","size","String","Tenant","M/L","M/L","7"
"Mystic Outdoors Master","size","String","Tenant","L/XL","L/XL","8"
"Mystic Outdoors Master","size","String","Tenant","Regular","Regular","9"
"Mystic Outdoors Master","size","String","Tenant","Short","Short","10"
"Mystic Outdoors Master","size","String","Tenant","Tall","Tall","11"
"Mystic Outdoors Master","size","String","Tenant","100-fl.-oz.","100 fl. oz.","12"
"Mystic Outdoors Master","size","String","Tenant","One-Size","One Size","13"
"Mystic Outdoors Master","size","String","Tenant","XS","XS","14"
"Mystic Outdoors Master","size","String","Tenant","XXL","XXL","15"
"Mystic Outdoors Master","size","String","Tenant","1.75-in","1.75 in","16"
"Mystic Outdoors Master","size","String","Tenant","2-in","2 in","17"
"Mystic Outdoors Master","size","String","Tenant","2.25-in","2.25 in","18"
"Mystic Outdoors Master","size","String","Tenant","2.5-in","2.5 in","19"
"Mystic Outdoors Master","size","String","Tenant","2.75-in","2.75 in","20"
"Mystic Outdoors Master","size","String","Tenant","3-in","3 in","21"
"Mystic Outdoors Master","size","String","Tenant","11-14-in","11-14 in","22"
"Mystic Outdoors Master","size","String","Tenant","14-20-in","14-20 in","23"
"Mystic Outdoors Master","size","String","Tenant","20-26-in","20-26 in","24"
"Mystic Outdoors Master","size","String","Tenant","50-90-lb","50-90 lb","25"
"Mystic Outdoors Master","size","String","Tenant","XXL/XXXL","XXL/XXXL","26"
"Mystic Outdoors Master","size","String","Tenant","XL/XXL","XL/XXL","27"
"Mystic Outdoors Master","size","String","Tenant","XXXL","XXXL","28"
"Mystic Outdoors Master","size","String","Tenant","XXS","XXS","29"
"Mystic Outdoors Master","size","String","Tenant","XXS--4---5-","XXS (4 - 5)","30"
"Mystic Outdoors Master","size","String","Tenant","XS--6---7-","XS (6 - 7)","31"
"Mystic Outdoors Master","size","String","Tenant","S--8-","S (8)","32"
"Mystic Outdoors Master","size","String","Tenant","M--10---12-","M (10 - 12)","33"
"Mystic Outdoors Master","size","String","Tenant","L--14---16-","L (14 - 16)","34"
"Mystic Outdoors Master","size","String","Tenant","XL--18-","XL (18)","35"
"Mystic Outdoors Master","size","String","Tenant","1","1","36"
"Mystic Outdoors Master","size","String","Tenant","2","2","37"
"Mystic Outdoors Master","size","String","Tenant","3","3","38"
"Mystic Outdoors Master","size","String","Tenant","4","4","39"
"Mystic Outdoors Master","size","String","Tenant","5","5","40"
"Mystic Outdoors Master","size","String","Tenant","6","6","41"
"Mystic Outdoors Master","size","String","Tenant","7","7","42"
"Mystic Outdoors Master","size","String","Tenant","8","8","43"
"Mystic Outdoors Master","size","String","Tenant","9","9","44"
"Mystic Outdoors Master","size","String","Tenant","10","10","45"
"Mystic Outdoors Master","size","String","Tenant","12","12","46"
"Mystic Outdoors Master","size","String","Tenant","28","28","47"
"Mystic Outdoors Master","size","String","Tenant","30","30","48"
"Mystic Outdoors Master","size","String","Tenant","31","31","49"
"Mystic Outdoors Master","size","String","Tenant","32","32","50"
"Mystic Outdoors Master","size","String","Tenant","33","33","51"
"Mystic Outdoors Master","size","String","Tenant","34","34","52"
"Mystic Outdoors Master","size","String","Tenant","35","35","53"
"Mystic Outdoors Master","size","String","Tenant","36","36","54"
"Mystic Outdoors Master","size","String","Tenant","38","38","55"
"Mystic Outdoors Master","size","String","Tenant","40","40","56"
"Mystic Outdoors Master","size","String","Tenant","42","42","57"
"Mystic Outdoors Master","size","String","Tenant","0","0","58"
"Mystic Outdoors Master","size","String","Tenant","14","14","59"
"Mystic Outdoors Master","features","String","Tenant","Foldable","Foldable","1"
"Mystic Outdoors Master","features","String","Tenant","Sun-Protective-Fabric","Sun-Protective Fabric","2"
"Mystic Outdoors Master","features","String","Tenant","Quick-Drying","Quick Drying","3"
"Mystic Outdoors Master","features","String","Tenant","Side-Cargo-Pockets","Side Cargo Pockets","4"
"Mystic Outdoors Master","features","String","Tenant","Moisture-Wicking","Moisture Wicking","5"
"Mystic Outdoors Master","features","String","Tenant","Convertible","Convertible","6"
"Mystic Outdoors Master","features","String","Tenant","Packable","Packable","7"
"Mystic Outdoors Master","features","String","Tenant","Waterproof","Waterproof","8"
"Mystic Outdoors Master","features","String","Tenant","Insect-Repellent","Insect Repellent","9"
"Mystic Outdoors Master","features","String","Tenant","Built-in-LED-lighting","Built-in LED lighting","10"
"Mystic Outdoors Master","features","String","Tenant","Compass","Compass","11"
"Mystic Outdoors Master","features","String","Tenant","Tracks-Distance","Tracks Distance","12"
"Mystic Outdoors Master","features","String","Tenant","Tracks-Speed","Tracks Speed","13"
"Mystic Outdoors Master","features","String","Tenant","Tracks-Calories-Burned","Tracks Calories Burned","14"
"Mystic Outdoors Master","features","String","Tenant","Wireless-Sync","Wireless Sync","15"
"Mystic Outdoors Master","features","String","Tenant","Smart-Device-Notifications","Smart Device Notifications","16"
"Mystic Outdoors Master","features","String","Tenant","Tracks-Steps","Tracks Steps","17"
"Mystic Outdoors Master","features","String","Tenant","Cycling-Functions","Cycling Functions","18"
"Mystic Outdoors Master","features","String","Tenant","Sleep-Tracking","Sleep Tracking","19"
"Mystic Outdoors Master","features","String","Tenant","Swimming-Functions","Swimming Functions","20"
"Mystic Outdoors Master","features","String","Tenant","HRM-Included/Integrated","HRM Included/Integrated","21"
"Mystic Outdoors Master","features","String","Tenant","Programmable-Routes","Programmable Routes","22"
"Mystic Outdoors Master","features","String","Tenant","Lap-Timer","Lap Timer","23"
"Mystic Outdoors Master","features","String","Tenant","User-Replaceable-Battery","User Replaceable Battery","24"
"Mystic Outdoors Master","features","String","Tenant","Elevation-Gain/Loss","Elevation Gain/Loss","25"
"Mystic Outdoors Master","features","String","Tenant","New-Arrivals","New Arrivals","26"
"Mystic Outdoors Master","features","String","Tenant","Altimeter/Barometer-Lock","Altimeter/Barometer Lock","27"
"Mystic Outdoors Master","features","String","Tenant","Ascent/Descent-Rate","Ascent/Descent Rate","28"
"Mystic Outdoors Master","features","String","Tenant","Weather-Forecast","Weather Forecast","29"
"Mystic Outdoors Master","features","String","Tenant","Tide-Tracking","Tide Tracking","30"
"Mystic Outdoors Master","features","String","Tenant","Carry-On-Size","Carry-On Size","31"
"Mystic Outdoors Master","features","String","Tenant","Laptop-Compartment","Laptop Compartment","32"
"Mystic Outdoors Master","features","String","Tenant","Raincover-Included","Raincover Included","33"
"Mystic Outdoors Master","features","String","Tenant","Wide-Mouth-Opening","Wide-Mouth Opening","34"
"Mystic Outdoors Master","features","String","Tenant","Bite-Valve-Shut-Off-Switch","Bite Valve Shut-Off Switch","35"
"Mystic Outdoors Master","features","String","Tenant","iPad-/-Tablet-Compartment","iPad / Tablet Compartment","36"
"Mystic Outdoors Master","features","String","Tenant","BPA-Free","BPA Free","37"
"Mystic Outdoors Master","features","String","Tenant","Suspended-Mesh-Back-Panel","Suspended Mesh Back Panel","38"
"Mystic Outdoors Master","features","String","Tenant","Quick-Disconnect-Tubing","Quick Disconnect Tubing","39"
"Mystic Outdoors Master","features","String","Tenant","Adjustable-Torso","Adjustable Torso","40"
"Mystic Outdoors Master","features","String","Tenant","Removable-Daypack","Removable Daypack","41"
"Mystic Outdoors Master","features","String","Tenant","Avalanche-Airbag","Avalanche Airbag","42"
"Mystic Outdoors Master","features","String","Tenant","Compression-Straps","Compression Straps","43"
"Mystic Outdoors Master","features","String","Tenant","RFID-Blocking","RFID Blocking","44"
"Mystic Outdoors Master","features","String","Tenant","Made-in-USA","Made in USA","45"
"Mystic Outdoors Master","features","String","Tenant","Biodegradable","Biodegradable","46"
"Mystic Outdoors Master","features","String","Tenant","Battery-Included","Battery Included","47"
"Mystic Outdoors Master","features","String","Tenant","GPS","GPS","48"
"Mystic Outdoors Master","features","String","Tenant","Camp-Bathroom","Camp Bathroom","49"
"Mystic Outdoors Master","features","String","Tenant","Can-Be-Resoled","Can Be Resoled","50"
"Mystic Outdoors Master","features","String","Tenant","Vegan","Vegan","51"
"Mystic Outdoors Master","features","String","Tenant","Insulated","Insulated","52"
"Mystic Outdoors Master","features","String","Tenant","Thumbholes","Thumbholes","53"
"Mystic Outdoors Master","features","String","Tenant","Water-Resistant-Down","Water-Resistant Down","54"
"Mystic Outdoors Master","features","String","Tenant","2-Way-Zipper","2-Way Zipper","55"
"Mystic Outdoors Master","features","String","Tenant","3-in-1-Jacket","3-in-1 Jacket","56"
"Mystic Outdoors Master","features","String","Tenant","FlashDry","FlashDry","57"
"Mystic Outdoors Master","features","String","Tenant","Omni-Shade","Omni-Shade","58"
"Mystic Outdoors Master","features","String","Tenant","Omni-Shield","Omni-Shield","59"
"Mystic Outdoors Master","features","String","Tenant","Omni-Wick","Omni-Wick","60"
"Mystic Outdoors Master","features","String","Tenant","Teflon","Teflon","61"
"Mystic Outdoors Master","features","String","Tenant","bluesign","bluesign","62"
"Mystic Outdoors Master","features","String","Tenant","Inner-Liner","Inner Liner","63"
"Mystic Outdoors Master","features","String","Tenant","Auto-Ignition","Auto Ignition","64"
"Mystic Outdoors Master","features","String","Tenant","Shoulder-Straps","Shoulder Straps","65"
"Mystic Outdoors Master","features","String","Tenant","Hipbelt","Hipbelt","66"
"Mystic Outdoors Master","features","String","Tenant","Collapsible","Collapsible","67"
"Mystic Outdoors Master","features","String","Tenant","Field-Cleanable","Field Cleanable","68"
"Mystic Outdoors Master","features","String","Tenant","Hood","Hood","69"
"Mystic Outdoors Master","features","String","Tenant","Pit-Zips","Pit Zips","70"
"Mystic Outdoors Master","features","String","Tenant","Goose-Down","Goose Down","71"
"Mystic Outdoors Master","features","String","Tenant","Quilted-Polyester","Quilted Polyester","72"
"Mystic Outdoors Master","features","String","Tenant","Windproof","Windproof","73"
"Mystic Outdoors Master","features","String","Tenant","Contains-recycled-materials","Contains recycled materials","74"
"Mystic Outdoors Master","palm-material","String","Tenant","Nylon/Polyurethane-blend","Nylon/Polyurethane blend","1"
"Mystic Outdoors Master","palm-material","String","Tenant","Polyester/Polyurethane-blend","Polyester/Polyurethane blend","2"
"Mystic Outdoors Master","palm-material","String","Tenant","Synthetic","Synthetic","3"
"Mystic Outdoors Master","palm-material","String","Tenant","Silicone","Silicone","4"
"Mystic Outdoors Master","palm-material","String","Tenant","Nylon","Nylon","5"
"Mystic Outdoors Master","palm-material","String","Tenant","Leather","Leather","6"
"Mystic Outdoors Master","palm-material","String","Tenant","Polyester-fleece","Polyester fleece","7"
"Mystic Outdoors Master","palm-material","String","Tenant","Polyester","Polyester","8"
"Mystic Outdoors Master","palm-material","String","Tenant","Merino-wool","Merino wool","9"
"Mystic Outdoors Master","water-resistant-depth","String","Tenant","1","1","1"
"Mystic Outdoors Master","water-resistant-depth","String","Tenant","5","5","2"
"Mystic Outdoors Master","water-resistant-depth","String","Tenant","30","30","3"
"Mystic Outdoors Master","water-resistant-depth","String","Tenant","40","40","4"
"Mystic Outdoors Master","water-resistant-depth","String","Tenant","50","50","5"
"Mystic Outdoors Master","water-resistant-depth","String","Tenant","100","100","6"
"Mystic Outdoors Master","water-resistant-depth","String","Tenant","200","200","7"
"Mystic Outdoors Master","pant-rise","String","Tenant","Mid","Mid","1"
"Mystic Outdoors Master","pant-rise","String","Tenant","Low","Low","2"
"Mystic Outdoors Master","pant-rise","String","Tenant","High","High","3"
"Mystic Outdoors Master","weight","String","Tenant","0-to-0.49","0 to 0.49","1"
"Mystic Outdoors Master","weight","String","Tenant","0.5-to-0.99","0.5 to 0.99","2"
"Mystic Outdoors Master","weight","String","Tenant","1-to-1.49","1 to 1.49","3"
"Mystic Outdoors Master","weight","String","Tenant","1.50-to-2.99","1.50 to 2.99","4"
"Mystic Outdoors Master","weight","String","Tenant","3-to-4.99","3 to 4.99","5"
"Mystic Outdoors Master","weight","String","Tenant","5-to-7.99","5 to 7.99","6"
"Mystic Outdoors Master","weight","String","Tenant","8-to-11.99","8 to 11.99","7"
"Mystic Outdoors Master","weight","String","Tenant","12-to-19.99","12 to 19.99","8"
"Mystic Outdoors Master","weight","String","Tenant","20-to-29.99","20 to 29.99","9"
"Mystic Outdoors Master","pant-size","String","Tenant","XS","XS","1"
"Mystic Outdoors Master","pant-size","String","Tenant","XXS","XXS","2"
"Mystic Outdoors Master","pant-size","String","Tenant","Small","Small","3"
"Mystic Outdoors Master","pant-size","String","Tenant","Small-Short","Small Short","4"
"Mystic Outdoors Master","pant-size","String","Tenant","Small-Tall","Small Tall","5"
"Mystic Outdoors Master","pant-size","String","Tenant","Medium","Medium","6"
"Mystic Outdoors Master","pant-size","String","Tenant","Medium-Short","Medium Short","7"
"Mystic Outdoors Master","pant-size","String","Tenant","Medium-Tall","Medium Tall","8"
"Mystic Outdoors Master","pant-size","String","Tenant","Large","Large","9"
"Mystic Outdoors Master","pant-size","String","Tenant","Large-Short","Large Short","10"
"Mystic Outdoors Master","pant-size","String","Tenant","Large-Tall","Large Tall","11"
"Mystic Outdoors Master","pant-size","String","Tenant","XL","XL","12"
"Mystic Outdoors Master","pant-size","String","Tenant","XL-Short","XL Short","13"
"Mystic Outdoors Master","pant-size","String","Tenant","XL-Tall","XL Tall","14"
"Mystic Outdoors Master","pant-size","String","Tenant","2XL","2XL","15"
"Mystic Outdoors Master","pant-size","String","Tenant","2XL-Short","2XL Short","16"
"Mystic Outdoors Master","pant-size","String","Tenant","2XL-Tall","2XL Tall","17"
"Mystic Outdoors Master","pant-size","String","Tenant","28-Waist","28 Waist","18"
"Mystic Outdoors Master","pant-size","String","Tenant","28-Waist-Short","28 Waist Short","19"
"Mystic Outdoors Master","pant-size","String","Tenant","30-Waist","30 Waist","20"
"Mystic Outdoors Master","pant-size","String","Tenant","30-Waist-Short","30 Waist Short","21"
"Mystic Outdoors Master","pant-size","String","Tenant","32-Waist-Short","32 Waist Short","22"
"Mystic Outdoors Master","pant-size","String","Tenant","32-Waist","32 Waist","23"
"Mystic Outdoors Master","pant-size","String","Tenant","34-Waist-Short","34 Waist Short","24"
"Mystic Outdoors Master","pant-size","String","Tenant","34-Waist","34 Waist","25"
"Mystic Outdoors Master","pant-size","String","Tenant","36-Waist-Short","36 Waist Short","26"
"Mystic Outdoors Master","pant-size","String","Tenant","36-Waist","36 Waist","27"
"Mystic Outdoors Master","pant-size","String","Tenant","38-Waist-Short","38 Waist Short","28"
"Mystic Outdoors Master","pant-size","String","Tenant","38-Waist","38 Waist","29"
"Mystic Outdoors Master","pant-size","String","Tenant","40-Waist-Short","40 Waist Short","30"
"Mystic Outdoors Master","pant-size","String","Tenant","40-Waist","40 Waist","31"
"Mystic Outdoors Master","pant-size","String","Tenant","S","S","32"
"Mystic Outdoors Master","pant-size","String","Tenant","M","M","33"
"Mystic Outdoors Master","pant-size","String","Tenant","L","L","34"
"Mystic Outdoors Master","pant-size","String","Tenant","XXL","XXL","35"
"Mystic Outdoors Master","pant-size","String","Tenant","00","00","36"
"Mystic Outdoors Master","pant-size","String","Tenant","2","2","37"
"Mystic Outdoors Master","pant-size","String","Tenant","4","4","38"
"Mystic Outdoors Master","pant-size","String","Tenant","6","6","39"
"Mystic Outdoors Master","pant-size","String","Tenant","8","8","40"
"Mystic Outdoors Master","pant-size","String","Tenant","10","10","41"
"Mystic Outdoors Master","pant-size","String","Tenant","12","12","42"
"Mystic Outdoors Master","pant-size","String","Tenant","14","14","43"
"Mystic Outdoors Master","pant-size","String","Tenant","16","16","44"
"Mystic Outdoors Master","pant-size","String","Tenant","28","28","45"
"Mystic Outdoors Master","pant-size","String","Tenant","30","30","46"
"Mystic Outdoors Master","pant-size","String","Tenant","34","34","47"
"Mystic Outdoors Master","pant-size","String","Tenant","36","36","48"
"Mystic Outdoors Master","pant-size","String","Tenant","38","38","49"
"Mystic Outdoors Master","pant-size","String","Tenant","XS-x-32-Inseam","XS x 32 Inseam","50"
"Mystic Outdoors Master","pant-size","String","Tenant","S-x-32-Inseam","S x 32 Inseam","51"
"Mystic Outdoors Master","pant-size","String","Tenant","M-x-32-Inseam","M x 32 Inseam","52"
"Mystic Outdoors Master","pant-size","String","Tenant","L-x-32-Inseam","L x 32 Inseam","53"
"Mystic Outdoors Master","pant-size","String","Tenant","XL-x-32-Inseam","XL x 32 Inseam","54"
"Mystic Outdoors Master","pant-size","String","Tenant","31","31","55"
"Mystic Outdoors Master","pant-size","String","Tenant","32","32","56"
"Mystic Outdoors Master","pant-size","String","Tenant","33","33","57"
"Mystic Outdoors Master","pant-size","String","Tenant","40","40","58"
"Mystic Outdoors Master","pant-size","String","Tenant","42","42","59"
"Mystic Outdoors Master","zipper-location","String","Tenant","Left","Left","1"
"Mystic Outdoors Master","zipper-location","String","Tenant","Right","Right","2"
"Mystic Outdoors Master","zipper-location","String","Tenant","Left-/-Right","Left / Right","3"
"Mystic Outdoors Master","zipper-location","String","Tenant","Front","Front","4"
"Mystic Outdoors Master","zipper-location","String","Tenant","None","None","5"
"Mystic Outdoors Master","pedometer-type","String","Tenant","Digital-3-axis-Accelerometer","Digital 3-axis Accelerometer","1"
"Mystic Outdoors Master","back-length","String","Tenant","Waist-length","Waist-length","1"
"Mystic Outdoors Master","back-length","String","Tenant","Hip-length","Hip-length","2"
"Mystic Outdoors Master","back-length","String","Tenant","Thigh-length","Thigh-length","3"
"Mystic Outdoors Master","tent-type","String","Tenant","Backpacking-Tent","Backpacking Tents","1"
"Mystic Outdoors Master","tent-type","String","Tenant","Camping-Tent","Camping Tents","2"
"Mystic Outdoors Master","tent-type","String","Tenant","Roof-top-Tent","Roof-top Tents","3"
"Mystic Outdoors Master","camping-bundle-packs","ProductCode","Tenant","BackP_001-5","Aether 70 Pack (size: Small)","1"
"Mystic Outdoors Master","camping-bundle-packs","ProductCode","Tenant","BackP_001-6","Aether 70 Pack (size: Medium)","2"
"Mystic Outdoors Master","camping-bundle-packs","ProductCode","Tenant","BackP_001-7","Aether 70 Pack (size: Large)","3"
"Mystic Outdoors Master","camping-bundle-packs","ProductCode","Tenant","BackP_001-8","Aether 70 Pack (size: Extra Large)","4"
"Mystic Outdoors Master","camping-bundle-packs","ProductCode","Tenant","BackP_003","Ariel 65 Pack - Women's","5"
"Mystic Outdoors Master","camping-bundle-packs","ProductCode","Tenant","BackP_015-1","Amber 60 Pack - Women's (brand-colors: Shadow-Black/Berry, size: Small)","6"
"Mystic Outdoors Master","camping-bundle-packs","ProductCode","Tenant","BackP_015-2","Amber 60 Pack - Women's (brand-colors: Shadow-Black/Berry, size: Medium)","7"
"Mystic Outdoors Master","camping-bundle-packs","ProductCode","Tenant","BackP_015-3","Amber 60 Pack - Women's (brand-colors: Shadow-Black/Berry, size: XS)","8"
"Mystic Outdoors Master","camping-bundle-packs","ProductCode","Tenant","BackP_015-4","Amber 60 Pack - Women's (brand-colors: Sky--Blue, size: Small)","9"
"Mystic Outdoors Master","camping-bundle-packs","ProductCode","Tenant","BackP_015-5","Amber 60 Pack - Women's (brand-colors: Sky--Blue, size: Medium)","10"
"Mystic Outdoors Master","camping-bundle-packs","ProductCode","Tenant","BackP_015-6","Amber 60 Pack - Women's (brand-colors: Sky--Blue, size: XS)","11"
"Mystic Outdoors Master","camping-bundle-packs","ProductCode","Tenant","BackP_014-1","Stout 45 Pack (brand-colors: Maple-Orange, size: Small)","12"
"Mystic Outdoors Master","camping-bundle-packs","ProductCode","Tenant","BackP_014-2","Stout 45 Pack (brand-colors: Maple-Orange, size: Medium)","13"
"Mystic Outdoors Master","camping-bundle-packs","ProductCode","Tenant","BackP_014-3","Stout 45 Pack (brand-colors: Maple-Orange, size: Large)","14"
"Mystic Outdoors Master","camping-bundle-packs","ProductCode","Tenant","BackP_014-4","Stout 45 Pack (brand-colors: Marine-Blue, size: Small)","15"
"Mystic Outdoors Master","camping-bundle-packs","ProductCode","Tenant","BackP_014-5","Stout 45 Pack (brand-colors: Marine-Blue, size: Medium)","16"
"Mystic Outdoors Master","camping-bundle-packs","ProductCode","Tenant","BackP_014-6","Stout 45 Pack (brand-colors: Marine-Blue, size: Large)","17"
"Mystic Outdoors Master","metal-type","String","Tenant","white-gold-","white gold","1"
"Mystic Outdoors Master","metal-type","String","Tenant","yellow-gold","yellow gold","2"
"Mystic Outdoors Master","metal-type","String","Tenant","platinum","platinum","3"
"Mystic Outdoors Master","finish","String","Tenant","Satin","Satin","1"
"Mystic Outdoors Master","finish","String","Tenant","Nickel","Nickel","2"
"Mystic Outdoors Master","finish","String","Tenant","Gold","Gold","3"
"Mystic Outdoors Master","finish","String","Tenant","Silver","Silver","4"
"Mystic Outdoors Master","season","String","Tenant","Winter","Winter","1"
"Mystic Outdoors Master","season","String","Tenant","Fall","Fall","2"
"Mystic Outdoors Master","season","String","Tenant","Spring","Spring","3"
"Mystic Outdoors Master","season","String","Tenant","Summer","Summer","4"
