"MasterCatalogName","ProductCode","Name","Sequence","AltText","ImageLabel","VideoUrl"
"Mystic Outdoors Master","HikeShorts_008","HikeShorts_008.1.png","1","","",""
"Mystic Outdoors Master","HikeShorts_007","HikeShorts_007.4.png","4","","",""
"Mystic Outdoors Master","HikeShorts_007","HikeShorts_007.3.png","3","","",""
"Mystic Outdoors Master","HikeShorts_007","HikeShorts_007.2.png","2","","",""
"Mystic Outdoors Master","HikeShorts_007","HikeShorts_007.1.png","1","","",""
"Mystic Outdoors Master","HikeShorts_006","HikeShorts_006.1.png","1","","",""
"Mystic Outdoors Master","HikeShorts_005","HikeShorts_005.3.png","3","","",""
"Mystic Outdoors Master","HikeShorts_005","HikeShorts_005.2.png","2","","",""
"Mystic Outdoors Master","HikeShorts_005","HikeShorts_005.1.png","1","","",""
"Mystic Outdoors Master","HikeShorts_004","HikeShorts_003.2_1.png","2","","",""
"Mystic Outdoors Master","HikeShorts_004","HikeShorts_003.1_1.png","1","","",""
"Mystic Outdoors Master","HikeShorts_003","HikeShorts_003.2.png","2","","",""
"Mystic Outdoors Master","HikeShorts_003","HikeShorts_003.1.png","1","","",""
"Mystic Outdoors Master","HikeShorts_002","HikeShorts_002.6.png","6","","",""
"Mystic Outdoors Master","HikeShorts_002","HikeShorts_002.5.png","5","","",""
"Mystic Outdoors Master","HikeShorts_002","HikeShorts_002.4.png","4","","",""
"Mystic Outdoors Master","HikeShorts_002","HikeShorts_002.3.png","3","","",""
"Mystic Outdoors Master","HikeShorts_002","HikeShorts_002.2.png","2","","",""
"Mystic Outdoors Master","HikeShorts_002","HikeShorts_002.1.png","1","","",""
"Mystic Outdoors Master","HikeShorts_001","HikeShorts_001.4.png","4","","",""
"Mystic Outdoors Master","HikeShorts_001","HikeShorts_001.3.png","3","","",""
"Mystic Outdoors Master","HikeShorts_001","HikeShorts_001.2.png","2","","",""
"Mystic Outdoors Master","HikeShorts_001","HikeShorts_001.1.png","1","","",""
"Mystic Outdoors Master","HikeShirt_015","HikeShirt_015.2.png","2","","",""
"Mystic Outdoors Master","HikeShirt_015","HikeShirt_015.1.png","1","","",""
"Mystic Outdoors Master","Hammock_013","hammock013_2.jpeg","2","","",""
"Mystic Outdoors Master","Hammock_013","hammock013_1.jpeg","1","","",""
"Mystic Outdoors Master","Hammock_012","hammock012_4.jpeg","4","","",""
"Mystic Outdoors Master","Hammock_012","hammock012_3.jpeg","3","","",""
"Mystic Outdoors Master","Hammock_012","hammock012_2.jpeg","2","","",""
"Mystic Outdoors Master","Hammock_012","hammock012_1.jpeg","1","","",""
"Mystic Outdoors Master","Hammock_011","hammock011_5.jpeg","3","","",""
"Mystic Outdoors Master","Hammock_011","hammock011_2.jpeg","2","","",""
"Mystic Outdoors Master","Hammock_011","hammock011_1.jpeg","1","","",""
"Mystic Outdoors Master","PFD_004","PFD_004.3.png","3","","",""
"Mystic Outdoors Master","PFD_004","PFD_004.2.png","2","","",""
"Mystic Outdoors Master","PFD_004","PFD_004.1.png","1","","",""
"Mystic Outdoors Master","PFD_003","PFD_003.1.png","1","","",""
"Mystic Outdoors Master","PFD_002","PFD_002.3.png","3","","",""
"Mystic Outdoors Master","PFD_002","PFD_002.2.png","2","","",""
"Mystic Outdoors Master","PFD_002","PFD_002.1.png","1","","",""
"Mystic Outdoors Master","PFD_001","PFD_001.6.png","6","","",""
"Mystic Outdoors Master","PFD_001","PFD_001.5.png","5","","",""
"Mystic Outdoors Master","PFD_001","PFD_001.4.png","4","","",""
"Mystic Outdoors Master","PFD_001","PFD_001.3.png","3","","",""
"Mystic Outdoors Master","PFD_001","PFD_001.2.png","2","","",""
"Mystic Outdoors Master","PFD_001","PFD_001.1.png","1","","",""
"Mystic Outdoors Master","Kayak-3","WildernessPamlicoKayak_1.png","1","","",""
"Mystic Outdoors Master","HKFT_035","HKFT_035.3.png","3","","",""
"Mystic Outdoors Master","HKFT_035","HKFT_035.2.png","2","","",""
"Mystic Outdoors Master","HKFT_035","HKFT_035.1.png","1","","",""
"Mystic Outdoors Master","HKFT_034","HKFT_034.2.png","2","","",""
"Mystic Outdoors Master","HKFT_034","HKFT_034.1.png","1","","",""
"Mystic Outdoors Master","HKFT_033","HKFT_033.4.png","4","","",""
"Mystic Outdoors Master","HKFT_033","HKFT_033.3.png","3","","",""
"Mystic Outdoors Master","HKFT_033","HKFT_033.2.png","2","","",""
"Mystic Outdoors Master","HKFT_033","HKFT_033.1.png","1","","",""
"Mystic Outdoors Master","HKFT_032","HKFT_032.4.png","4","","",""
"Mystic Outdoors Master","HKFT_032","HKFT_032.3.png","3","","",""
"Mystic Outdoors Master","HKFT_032","HKFT_032.2.png","2","","",""
"Mystic Outdoors Master","HKFT_032","HKFT_032.1.png","1","","",""
"Mystic Outdoors Master","DOG_001","Dog_001.4.jpeg","4","","",""
"Mystic Outdoors Master","DOG_001","Dog_001.3.jpeg","3","","",""
"Mystic Outdoors Master","DOG_001","Dog_001.2.jpeg","2","","",""
"Mystic Outdoors Master","DOG_001","Dog_001.1.jpeg","1","","",""
"Mystic Outdoors Master","COSTA2","costa1.jpeg","1","","",""
"Mystic Outdoors Master","CampStove_004","campstove004_2.png","2","","",""
"Mystic Outdoors Master","CampStove_004","campstove004_1.png","1","","",""
"Mystic Outdoors Master","CampStove_003","campstove03_2.png","2","","",""
"Mystic Outdoors Master","CampStove_003","campstove003_1.png","1","","",""
"Mystic Outdoors Master","CampStove_002","campstove002_1.jpeg","2","","",""
"Mystic Outdoors Master","CampStove_002","campstove002_2.png","1","","",""
"Mystic Outdoors Master","CampStove_001","campstove001_3.png","3","","",""
"Mystic Outdoors Master","CampStove_001","campstove001_2.png","2","","",""
"Mystic Outdoors Master","CampStove_001","campstove001_1.png","1","","",""
"Mystic Outdoors Master","CampCook_003","campcook003_2.png","2","","",""
"Mystic Outdoors Master","CampCook_003","campcook003_1.jpg","1","","",""
"Mystic Outdoors Master","CampCook_002","campcook002_3.jpg","3","","",""
"Mystic Outdoors Master","CampCook_002","campcook002_2.jpg","2","","",""
"Mystic Outdoors Master","CampCook_002","campcook002_1.jpeg","1","","",""
"Mystic Outdoors Master","CampCook_001","campcook001_1.jpeg","1","","",""
"Mystic Outdoors Master","CampBundle0001","BackP_0033.png","10","","",""
"Mystic Outdoors Master","CampBundle0001","BackP_0032.png","9","","",""
"Mystic Outdoors Master","CampBundle0001","BackP_0031.png","8","","",""
"Mystic Outdoors Master","CampBundle0001","BackP_0012.png","7","","",""
"Mystic Outdoors Master","CampBundle0001","BackP_0011.png","6","","",""
"Mystic Outdoors Master","CampBundle0001","BackP_001_1.png","5","","",""
"Mystic Outdoors Master","CampBundle0001","Tent_0134.png","4","","",""
"Mystic Outdoors Master","CampBundle0001","Tent_0133.png","3","","",""
"Mystic Outdoors Master","CampBundle0001","Tent_0132.png","2","","",""
"Mystic Outdoors Master","CampBundle0001","Tent_0131.png","1","","",""
"Mystic Outdoors Master","backpack99","BackP_010.png","1","","",""
"Mystic Outdoors Master","BackP_026","BackP_026.png","1","","",""
"Mystic Outdoors Master","BackP_025","BackP_025.3.png","3","","",""
"Mystic Outdoors Master","BackP_025","BackP_025.2.png","2","","",""
"Mystic Outdoors Master","BackP_025","BackP_025.1.png","1","","",""
"Mystic Outdoors Master","BackP_024","BackP_024.4.png","4","","",""
"Mystic Outdoors Master","BackP_024","BackP_024.3.png","3","","",""
"Mystic Outdoors Master","BackP_024","BackP_024.2.png","2","","",""
"Mystic Outdoors Master","BackP_024","BackP_024.1.png","1","","",""
"Mystic Outdoors Master","BackP_023","BackP_023.2.png","2","","",""
"Mystic Outdoors Master","BackP_023","BackP_023.1.png","1","","",""
"Mystic Outdoors Master","BackP_022","BackP_022.3.png","3","","",""
"Mystic Outdoors Master","BackP_022","BackP_022.2.png","2","","",""
"Mystic Outdoors Master","BackP_022","BackP_022.1.png","1","","",""
"Mystic Outdoors Master","BackP_021","BackP_021.2.png","2","","",""
"Mystic Outdoors Master","BackP_021","BackP_021.1.png","1","","",""
"Mystic Outdoors Master","BackP_020","BackP_020.6.png","6","","",""
"Mystic Outdoors Master","BackP_020","BackP_020.5.png","5","","",""
"Mystic Outdoors Master","BackP_020","BackP_020.4.png","4","","",""
"Mystic Outdoors Master","BackP_020","BackP_020.3.png","3","","",""
"Mystic Outdoors Master","BackP_020","BackP_020.2.png","2","","",""
"Mystic Outdoors Master","BackP_020","BackP_020.1.png","1","","",""
"Mystic Outdoors Master","BackP_019","BackP_019.2.png","2","","",""
"Mystic Outdoors Master","BackP_019","BackP_019.1.png","1","","",""
"Mystic Outdoors Master","BackP_018","BackP_018.4.png","4","","",""
"Mystic Outdoors Master","BackP_018","BackP_018.3.png","3","","",""
"Mystic Outdoors Master","BackP_018","BackP_018.2.png","2","","",""
"Mystic Outdoors Master","BackP_018","BackP_018.1.png","1","","",""
"Mystic Outdoors Master","BackP_017","BackP_017.10.png","10","","",""
"Mystic Outdoors Master","BackP_017","BackP_017.9.png","9","","",""
"Mystic Outdoors Master","BackP_017","BackP_017.8.png","8","","",""
"Mystic Outdoors Master","BackP_017","BackP_017.7.png","7","","",""
"Mystic Outdoors Master","BackP_017","BackP_017.6.png","6","","",""
"Mystic Outdoors Master","BackP_017","BackP_017.5.png","5","","",""
"Mystic Outdoors Master","BackP_017","BackP_017.4.png","4","","",""
"Mystic Outdoors Master","BackP_017","BackP_017.3.png","3","","",""
"Mystic Outdoors Master","BackP_017","BackP_017.2.png","2","","",""
"Mystic Outdoors Master","BackP_017","BackP_017.1.png","1","","",""
"Mystic Outdoors Master","BackP_016","BackP_016.png","1","","",""
"Mystic Outdoors Master","BackP_015","BackP_015.10.png","9","","",""
"Mystic Outdoors Master","BackP_015","BackP_015.9.png","8","","",""
"Mystic Outdoors Master","BackP_015","BackP_015.8.png","7","","",""
"Mystic Outdoors Master","BackP_015","BackP_015.7.png","6","","",""
"Mystic Outdoors Master","BackP_015","BackP_015.5.png","5","","",""
"Mystic Outdoors Master","BackP_015","BackP_015.4.png","4","","",""
"Mystic Outdoors Master","BackP_015","BackP_015.3.png","3","","",""
"Mystic Outdoors Master","BackP_015","BackP_015.2.png","2","","",""
"Mystic Outdoors Master","BackP_015","BackP_015.1.png","1","","",""
"Mystic Outdoors Master","BackP_014","BackP_014.4.png","4","","",""
"Mystic Outdoors Master","BackP_014","BackP_014.3.png","3","","",""
"Mystic Outdoors Master","BackP_014","BackP_014.2.png","2","","",""
"Mystic Outdoors Master","BackP_014","BackP_014.1.png","1","","",""
"Mystic Outdoors Master","BackP_013","BackP_013.2.png","2","","",""
"Mystic Outdoors Master","BackP_013","BackP_013.1.png","1","","",""
"Mystic Outdoors Master","BackP_012","BackP_012.1.png","1","","",""
"Mystic Outdoors Master","BackP_011","BackP_011.png","1","","",""
"Mystic Outdoors Master","BackP_010","BackP_010.png","1","","",""
"Mystic Outdoors Master","BackP_009","BackP_009.5.png","5","","",""
"Mystic Outdoors Master","BackP_009","BackP_009.4.png","4","","",""
"Mystic Outdoors Master","BackP_009","BackP_009.3.png","3","","",""
"Mystic Outdoors Master","BackP_009","BackP_009.2.png","2","","",""
"Mystic Outdoors Master","BackP_009","BackP_009.1.png","1","","",""
"Mystic Outdoors Master","BackP_008","BackP_008.png","1","","",""
"Mystic Outdoors Master","BackP_007","BackP_007.3.png","3","","",""
"Mystic Outdoors Master","BackP_007","BackP_007.2.png","2","","",""
"Mystic Outdoors Master","BackP_007","BackP_007.1.png","1","","",""
"Mystic Outdoors Master","BackP_006","BackP_006.png","1","","",""
"Mystic Outdoors Master","BackP_005","BackP_005.7.png","7","","",""
"Mystic Outdoors Master","BackP_005","BackP_005.6.png","6","","",""
"Mystic Outdoors Master","BackP_005","BackP_005.5.png","5","","",""
"Mystic Outdoors Master","BackP_005","BackP_005.4.png","4","","",""
"Mystic Outdoors Master","BackP_005","BackP_005.3.png","3","","",""
"Mystic Outdoors Master","BackP_005","BackP_005.2.png","2","","",""
"Mystic Outdoors Master","BackP_005","BackP_005.1.png","1","","",""
"Mystic Outdoors Master","BackP_004","BackP_004.7.png","7","","",""
"Mystic Outdoors Master","BackP_004","BackP_004.6.png","6","","",""
"Mystic Outdoors Master","BackP_004","BackP_004.5.png","5","","",""
"Mystic Outdoors Master","BackP_004","BackP_004.4.png","4","","",""
"Mystic Outdoors Master","BackP_004","BackP_004.3.png","3","","",""
"Mystic Outdoors Master","BackP_004","BackP_004.2.png","2","","",""
"Mystic Outdoors Master","BackP_004","BackP_004.1.png","1","","",""
"Mystic Outdoors Master","BackP_003","BackP_003.3.png","3","","",""
"Mystic Outdoors Master","BackP_003","BackP_003.2.png","2","","",""
"Mystic Outdoors Master","BackP_003","BackP_003.1.png","1","","",""
"Mystic Outdoors Master","BackP_002","BackP_002.3.png","12","","",""
"Mystic Outdoors Master","BackP_002","BackP_002.5.png","11","","",""
"Mystic Outdoors Master","BackP_002","BackP_002.4.png","10","","",""
"Mystic Outdoors Master","BackP_002","BackP_002.3.png","9","","",""
"Mystic Outdoors Master","BackP_002","BackP_002.4.png","8","","",""
"Mystic Outdoors Master","BackP_002","BackP_002.6.png","7","","",""
"Mystic Outdoors Master","BackP_002","BackP_002.3.png","6","","",""
"Mystic Outdoors Master","BackP_002","BackP_002.4.png","5","","",""
"Mystic Outdoors Master","BackP_002","BackP_002.1.png","4","","",""
"Mystic Outdoors Master","BackP_002","BackP_002.2.png","3","","",""
"Mystic Outdoors Master","BackP_002","BackP_002.1.png","2","","",""
"Mystic Outdoors Master","BackP_002","BackP_002.1.png","1","","",""
"Mystic Outdoors Master","BackP_001","BackP_001.2.png","3","","",""
"Mystic Outdoors Master","BackP_001","BackP_001.3.png","2","","",""
"Mystic Outdoors Master","BackP_001","BackP_001.1.png","1","","",""
"Mystic Outdoors Master","AH-002","124238180.jpg","1","","",""
"Mystic Outdoors Master","AH-001","124208385.jpg","1","","",""
"Mystic Outdoors Master","787875","UNLINED BUCKSKIN LEATHER GLOVE.jpeg","1","","",""
"Mystic Outdoors Master","HikePants_013","HikePants_013.1.png","1","","",""
"Mystic Outdoors Master","HikePants_012","HikePants_012.7.png","7","","",""
"Mystic Outdoors Master","HikePants_012","HikePants_012.6.png","6","","",""
"Mystic Outdoors Master","HikePants_012","HikePants_012.5.png","5","","",""
"Mystic Outdoors Master","HikePants_012","HikePants_012.4.png","4","","",""
"Mystic Outdoors Master","HikePants_012","HikePants_012.3.png","3","","",""
"Mystic Outdoors Master","HikePants_012","HikePants_012.2.png","2","","",""
"Mystic Outdoors Master","HikePants_012","HikePants_012.1.png","1","","",""
"Mystic Outdoors Master","HikePants_011","HikePants_011.9.png","9","","",""
"Mystic Outdoors Master","HikePants_011","HikePants_011.8.png","8","","",""
"Mystic Outdoors Master","HikePants_011","HikePants_011.7.png","7","","",""
"Mystic Outdoors Master","HikePants_011","HikePants_011.6.png","6","","",""
"Mystic Outdoors Master","HikePants_011","HikePants_011.5.png","5","","",""
"Mystic Outdoors Master","HikePants_011","HikePants_011.4.png","4","","",""
"Mystic Outdoors Master","HikePants_011","HikePants_011.3.png","3","","",""
"Mystic Outdoors Master","HikePants_011","HikePants_011.2.png","2","","",""
"Mystic Outdoors Master","HikePants_011","HikePants_011.1.png","1","","",""
"Mystic Outdoors Master","HikePants_010","HikePants_010.5.png","5","","",""
"Mystic Outdoors Master","HikePants_010","HikePants_010.4.png","4","","",""
"Mystic Outdoors Master","HikePants_010","HikePants_010.3.png","3","","",""
"Mystic Outdoors Master","HikePants_010","HikePants_010.2.png","2","","",""
"Mystic Outdoors Master","HikePants_010","HikePants_010.1.png","1","","",""
"Mystic Outdoors Master","HikePants_009","HikePants_009.7.png","7","","",""
"Mystic Outdoors Master","HikePants_009","HikePants_009.6.png","6","","",""
"Mystic Outdoors Master","HikePants_009","HikePants_009.5.png","5","","",""
"Mystic Outdoors Master","HikePants_009","HikePants_009.4.png","4","","",""
"Mystic Outdoors Master","HikePants_009","HikePants_009.3.png","3","","",""
"Mystic Outdoors Master","HikePants_009","HikePants_009.2.png","2","","",""
"Mystic Outdoors Master","HikePants_009","HikePants_009.1.png","1","","",""
"Mystic Outdoors Master","HikePants_008","HikePants_008.6.png","6","","",""
"Mystic Outdoors Master","HikePants_008","HikePants_008.5.png","5","","",""
"Mystic Outdoors Master","HikePants_008","HikePants_008.4.png","4","","",""
"Mystic Outdoors Master","HikePants_008","HikePants_008.3.png","3","","",""
"Mystic Outdoors Master","HikePants_008","HikePants_008.2.png","2","","",""
"Mystic Outdoors Master","HikePants_008","HikePants_008.1.png","1","","",""
"Mystic Outdoors Master","HikePants_007","HikePants_007.1.png","1","","",""
"Mystic Outdoors Master","HikePants_006","HikePants_006.11.png","11","","",""
"Mystic Outdoors Master","HikePants_006","HikePants_006.10.png","10","","",""
"Mystic Outdoors Master","HikePants_006","HikePants_006.9.png","9","","",""
"Mystic Outdoors Master","HikePants_006","HikePants_006.8.png","8","","",""
"Mystic Outdoors Master","HikePants_006","HikePants_006.7.png","7","","",""
"Mystic Outdoors Master","HikePants_006","HikePants_006.6.png","6","","",""
"Mystic Outdoors Master","HikePants_006","HikePants_006.5.png","5","","",""
"Mystic Outdoors Master","HikePants_006","HikePants_006.4.png","4","","",""
"Mystic Outdoors Master","HikePants_006","HikePants_006.3.png","3","","",""
"Mystic Outdoors Master","HikePants_006","HikePants_006.2.png","2","","",""
"Mystic Outdoors Master","HikePants_006","HikePants_006.1.png","1","","",""
"Mystic Outdoors Master","DOG_008","Dog_008.jpeg","1","","",""
"Mystic Outdoors Master","DOG_007","Dog_007.2.jpeg","2","","",""
"Mystic Outdoors Master","DOG_007","Dog_007.1.jpeg","1","","",""
"Mystic Outdoors Master","DOG_006","Dog_006.3.jpeg","3","","",""
"Mystic Outdoors Master","DOG_006","Dog_006.2.jpeg","2","","",""
"Mystic Outdoors Master","DOG_006","Dog_006.1.jpeg","1","","",""
"Mystic Outdoors Master","DOG_005","Dog_005.6.jpeg","6","","",""
"Mystic Outdoors Master","DOG_005","Dog_005.5.jpeg","5","","",""
"Mystic Outdoors Master","DOG_005","Dog_005.4.jpeg","4","","",""
"Mystic Outdoors Master","DOG_005","Dog_005.3.jpeg","3","","",""
"Mystic Outdoors Master","DOG_005","Dog_005.2.jpeg","2","","",""
"Mystic Outdoors Master","DOG_005","Dog_005.1.jpeg","1","","",""
"Mystic Outdoors Master","Hammock_017","hammock017_2.jpg","2","","",""
"Mystic Outdoors Master","Hammock_017","hammock017_1.jpg","1","","",""
"Mystic Outdoors Master","Hammock_016","hammock016_2.jpeg","2","","",""
"Mystic Outdoors Master","Hammock_016","hammock016_1.jpeg","1","","",""
"Mystic Outdoors Master","Hammock_015","hammock015_3.jpeg","3","","",""
"Mystic Outdoors Master","Hammock_015","hammock015_2.jpeg","2","","",""
"Mystic Outdoors Master","Hammock_015","hammock015_1.jpeg","1","","",""
"Mystic Outdoors Master","Hammock_014","hammock014_11.jpeg","11","","",""
"Mystic Outdoors Master","Hammock_014","hammock014_10.jpeg","10","","",""
"Mystic Outdoors Master","Hammock_014","hammock014_9.jpeg","9","","",""
"Mystic Outdoors Master","Hammock_014","hammock014_8.jpeg","8","","",""
"Mystic Outdoors Master","Hammock_014","hammock014_7.jpeg","7","","",""
"Mystic Outdoors Master","Hammock_014","hammock014_6.jpeg","6","","",""
"Mystic Outdoors Master","Hammock_014","hammock014_5.jpeg","5","","",""
"Mystic Outdoors Master","Hammock_014","hammock014_4.jpeg","4","","",""
"Mystic Outdoors Master","Hammock_014","hammock014_3.jpeg","3","","",""
"Mystic Outdoors Master","Hammock_014","hammock014_2.jpeg","2","","",""
"Mystic Outdoors Master","Hammock_014","hammock014_1.jpeg","1","","",""
"Mystic Outdoors Master","Hammock_001","Hammock_001_10.jpeg","12","","",""
"Mystic Outdoors Master","Hammock_001","Hammock_001_11.jpeg","11","","",""
"Mystic Outdoors Master","Hammock_001","Hammock_001_12.jpeg","10","","",""
"Mystic Outdoors Master","Hammock_001","Hammock_001_1_1.jpeg","9","","",""
"Mystic Outdoors Master","Hammock_001","Hammock_001_2.jpeg","8","","",""
"Mystic Outdoors Master","Hammock_001","Hammock_001_3.jpeg","7","","",""
"Mystic Outdoors Master","Hammock_001","Hammock_001_4.jpeg","6","","",""
"Mystic Outdoors Master","Hammock_001","Hammock_001_5.jpeg","5","","",""
"Mystic Outdoors Master","Hammock_001","Hammock_001_6.jpeg","4","","",""
"Mystic Outdoors Master","Hammock_001","Hammock_001_9.jpeg","3","","",""
"Mystic Outdoors Master","Hammock_001","Hammock_001_8.jpeg","2","","",""
"Mystic Outdoors Master","Hammock_001","Hammock_001_7.jpeg","1","","",""
"Mystic Outdoors Master","GLO_011","GLO_011.2.png","2","","",""
"Mystic Outdoors Master","GLO_011","GLO_011.1.png","1","","",""
"Mystic Outdoors Master","GLO_010","GLO_010.3.png","3","","",""
"Mystic Outdoors Master","GLO_010","GLO_010.2.png","2","","",""
"Mystic Outdoors Master","GLO_010","GLO_010.1.png","1","","",""
"Mystic Outdoors Master","GLO_009","GLO_009.2.png","2","","",""
"Mystic Outdoors Master","GLO_009","GLO_009.1.png","1","","",""
"Mystic Outdoors Master","GLO_008","GLO_008.2.png","2","","",""
"Mystic Outdoors Master","GLO_008","GLO_008.1.png","1","","",""
"Mystic Outdoors Master","GLO_007","GLO_007.png","1","","",""
"Mystic Outdoors Master","GLO_006","GLO_006.2.png","2","","",""
"Mystic Outdoors Master","GLO_006","GLO_006.1.png","1","","",""
"Mystic Outdoors Master","GLO_005","GLO_005.2.png","2","","",""
"Mystic Outdoors Master","GLO_005","GLO_005.1.png","1","","",""
"Mystic Outdoors Master","GLO_004","GLO_004.2.png","2","","",""
"Mystic Outdoors Master","GLO_004","GLO_004.1.png","1","","",""
"Mystic Outdoors Master","GLO_003","GLO_003.png","1","","",""
"Mystic Outdoors Master","GLO_002","GLO_002.2.png","2","","",""
"Mystic Outdoors Master","GLO_002","GLO_002.1.png","1","","",""
"Mystic Outdoors Master","GLO_001","GLO_001.2.png","2","","",""
"Mystic Outdoors Master","GLO_001","GLO_001.1.png","1","","",""
"Mystic Outdoors Master","Drybag_008","Drybag_008.1.png","1","","",""
"Mystic Outdoors Master","Drybag_007","Drybag_007.6.png","6","","",""
"Mystic Outdoors Master","Drybag_007","Drybag_007.5.png","5","","",""
"Mystic Outdoors Master","Drybag_007","Drybag_007.4.png","4","","",""
"Mystic Outdoors Master","Drybag_007","Drybag_007.3.png","3","","",""
"Mystic Outdoors Master","Drybag_007","Drybag_007.2.png","2","","",""
"Mystic Outdoors Master","Drybag_007","Drybag_007.1.png","1","","",""
"Mystic Outdoors Master","Drybag_006","Drybag_006.3.jpeg","3","","",""
"Mystic Outdoors Master","Drybag_006","Drybag_006.2.png","2","","",""
"Mystic Outdoors Master","Drybag_006","Drybag_006.1.png","1","","",""
"Mystic Outdoors Master","Drybag_005","Drybag_005.4.png","4","","",""
"Mystic Outdoors Master","Drybag_005","Drybag_005.3.png","3","","",""
"Mystic Outdoors Master","Drybag_005","Drybag_005.2.png","2","","",""
"Mystic Outdoors Master","Drybag_005","Drybag_005.1.png","1","","",""
"Mystic Outdoors Master","Hammock_025","hammock025_1.jpg","1","","",""
"Mystic Outdoors Master","Hammock_024","hammock024_1.png","1","","",""
"Mystic Outdoors Master","Hammock_023","hammock023_3.jpg","3","","",""
"Mystic Outdoors Master","Hammock_023","hammock023_2.jpg","2","","",""
"Mystic Outdoors Master","Hammock_023","hammock023_1.png","1","","",""
"Mystic Outdoors Master","Hammock_022","hammock022_1.png","1","","",""
"Mystic Outdoors Master","Hammock_021","hammock021_1.png","1","","",""
"Mystic Outdoors Master","Hammock_020","hammock020_2_1.jpeg","2","","",""
"Mystic Outdoors Master","Hammock_020","hammock020_1_1.jpeg","1","","",""
"Mystic Outdoors Master","Hammock_019","hammock019_3.png","3","","",""
"Mystic Outdoors Master","Hammock_019","hammock019_2.jpg","2","","",""
"Mystic Outdoors Master","Hammock_019","hammock019.png","1","","",""
"Mystic Outdoors Master","Hammock_018","hammock018_1.png","1","","",""
"Mystic Outdoors Master","DOG_002","Dog_002.3.jpeg","3","","",""
"Mystic Outdoors Master","DOG_002","Dog_002.2.jpeg","2","","",""
"Mystic Outdoors Master","DOG_002","Dog_002.1.jpeg","1","","",""
"Mystic Outdoors Master","Drybag_004","Drybag_004.4.png","4","","",""
"Mystic Outdoors Master","Drybag_004","Drybag_004.3.png","3","","",""
"Mystic Outdoors Master","Drybag_004","Drybag_004.2.png","2","","",""
"Mystic Outdoors Master","Drybag_004","Drybag_004.1.png","1","","",""
"Mystic Outdoors Master","Drybag_003","Drybag_003.1.png","1","","",""
"Mystic Outdoors Master","Drybag_002","Drybag_002.4.png","4","","",""
"Mystic Outdoors Master","Drybag_002","Drybag_002.3.png","3","","",""
"Mystic Outdoors Master","Drybag_002","Drybag_002.2.png","2","","",""
"Mystic Outdoors Master","Drybag_002","Drybag_002.1.png","1","","",""
"Mystic Outdoors Master","Drybag_001","Drybag_001.6.png","6","","",""
"Mystic Outdoors Master","Drybag_001","Drybag_001.5.png","5","","",""
"Mystic Outdoors Master","Drybag_001","Drybag_001.4.png","4","","",""
"Mystic Outdoors Master","Drybag_001","Drybag_001.3.png","3","","",""
"Mystic Outdoors Master","Drybag_001","Drybag_001.2.png","2","","",""
"Mystic Outdoors Master","Drybag_001","Drybag_001.1.png","1","","",""
"Mystic Outdoors Master","DOG_012","Dog_012.2.jpeg","2","","",""
"Mystic Outdoors Master","DOG_012","Dog_012.1.jpeg","1","","",""
"Mystic Outdoors Master","DOG_011","Dog_011.2.jpeg","2","","",""
"Mystic Outdoors Master","DOG_011","Dog_011.1.jpeg","1","","",""
"Mystic Outdoors Master","DOG_010","Dog_010.3.jpeg","3","","",""
"Mystic Outdoors Master","DOG_010","Dog_010.2.jpeg","2","","",""
"Mystic Outdoors Master","DOG_010","Dog_010.1.jpeg","1","","",""
"Mystic Outdoors Master","DOG_009","Dog_009.jpeg","1","","",""
"Mystic Outdoors Master","HKFT_001","HKFT_001.png","1","","",""
"Mystic Outdoors Master","HKFT_031","HKFT_031.6.png","6","","",""
"Mystic Outdoors Master","HKFT_031","HKFT_031.5.png","5","","",""
"Mystic Outdoors Master","HKFT_031","HKFT_031.4.png","4","","",""
"Mystic Outdoors Master","HKFT_031","HKFT_031.3.png","3","","",""
"Mystic Outdoors Master","HKFT_031","HKFT_031.2.png","2","","",""
"Mystic Outdoors Master","HKFT_031","HKFT_031.1.png","1","","",""
"Mystic Outdoors Master","HKFT_030","HKFT_030.5.png","5","","",""
"Mystic Outdoors Master","HKFT_030","HKFT_030.4.png","4","","",""
"Mystic Outdoors Master","HKFT_030","HKFT_030.3.png","3","","",""
"Mystic Outdoors Master","HKFT_030","HKFT_030.2.png","2","","",""
"Mystic Outdoors Master","HKFT_030","HKFT_030.1.png","1","","",""
"Mystic Outdoors Master","HKFT_029","HKFT_029.3.png","3","","",""
"Mystic Outdoors Master","HKFT_029","HKFT_029.2.png","2","","",""
"Mystic Outdoors Master","HKFT_029","HKFT_029.1.png","1","","",""
"Mystic Outdoors Master","HKFT_028","HKFT_028.2.png","2","","",""
"Mystic Outdoors Master","HKFT_028","HKFT_028.1.png","1","","",""
"Mystic Outdoors Master","HKFT_027","HKFT_027.2.png","2","","",""
"Mystic Outdoors Master","HKFT_027","HKFT_027.1.png","1","","",""
"Mystic Outdoors Master","HKFT_026","HKFT_026.12.png","12","","",""
"Mystic Outdoors Master","HKFT_026","HKFT_026.11.png","11","","",""
"Mystic Outdoors Master","HKFT_026","HKFT_026.10.png","10","","",""
"Mystic Outdoors Master","HKFT_026","HKFT_026.9.png","9","","",""
"Mystic Outdoors Master","HKFT_026","HKFT_026.8.png","8","","",""
"Mystic Outdoors Master","HKFT_026","HKFT_026.7.png","7","","",""
"Mystic Outdoors Master","HKFT_026","HKFT_026.6.png","6","","",""
"Mystic Outdoors Master","HKFT_026","HKFT_026.5.png","5","","",""
"Mystic Outdoors Master","HKFT_026","HKFT_026.4.png","4","","",""
"Mystic Outdoors Master","HKFT_026","HKFT_026.3.png","3","","",""
"Mystic Outdoors Master","HKFT_026","HKFT_026.2.png","2","","",""
"Mystic Outdoors Master","HKFT_026","HKFT_026.1.png","1","","",""
"Mystic Outdoors Master","HKFT_025","HKFT_025.2.png","2","","",""
"Mystic Outdoors Master","HKFT_025","HKFT_025.1.png","1","","",""
"Mystic Outdoors Master","HKFT_024","HKFT_024.png","1","","",""
"Mystic Outdoors Master","HKFT_023","HKFT_023.2.png","2","","",""
"Mystic Outdoors Master","HKFT_023","HKFT_023.1.png","1","","",""
"Mystic Outdoors Master","HKFT_022","HKFT_022.png","1","","",""
"Mystic Outdoors Master","HKFT_021","HKFT_021.5.png","5","","",""
"Mystic Outdoors Master","HKFT_021","HKFT_021.4.png","4","","",""
"Mystic Outdoors Master","HKFT_021","HKFT_021.3.png","3","","",""
"Mystic Outdoors Master","HKFT_021","HKFT_021.2.png","2","","",""
"Mystic Outdoors Master","HKFT_021","HKFT_021.1.png","1","","",""
"Mystic Outdoors Master","HKFT_020","HKFT_020.5.png","5","","",""
"Mystic Outdoors Master","HKFT_020","HKFT_020.4.png","4","","",""
"Mystic Outdoors Master","HKFT_020","HKFT_020.3.png","3","","",""
"Mystic Outdoors Master","HKFT_020","HKFT_020.2.png","2","","",""
"Mystic Outdoors Master","HKFT_020","HKFT_020.1.png","1","","",""
"Mystic Outdoors Master","HKFT_019","HKFT_019.13.png","12","","",""
"Mystic Outdoors Master","HKFT_019","HKFT_019.12.png","11","","",""
"Mystic Outdoors Master","HKFT_019","HKFT_019.11.png","10","","",""
"Mystic Outdoors Master","HKFT_019","HKFT_019.9.png","9","","",""
"Mystic Outdoors Master","HKFT_019","HKFT_019.8.png","8","","",""
"Mystic Outdoors Master","HKFT_019","HKFT_019.7.png","7","","",""
"Mystic Outdoors Master","HKFT_019","HKFT_019.6.png","6","","",""
"Mystic Outdoors Master","HKFT_019","HKFT_019.5.png","5","","",""
"Mystic Outdoors Master","HKFT_019","HKFT_019.4.png","4","","",""
"Mystic Outdoors Master","HKFT_019","HKFT_019.3.png","3","","",""
"Mystic Outdoors Master","HKFT_019","HKFT_019.2.png","2","","",""
"Mystic Outdoors Master","HKFT_019","HKFT_019.1.png","1","","",""
"Mystic Outdoors Master","HKFT_018","HKFT_018.png","1","","",""
"Mystic Outdoors Master","HKFT_017","HKFT_017.png","1","","",""
"Mystic Outdoors Master","HKFT_016","HKFT_016.png","1","","",""
"Mystic Outdoors Master","HKFT_015","HKFT_015.3.png","3","","",""
"Mystic Outdoors Master","HKFT_015","HKFT_015.2.png","2","","",""
"Mystic Outdoors Master","HKFT_015","HKFT_015.1.png","1","","",""
"Mystic Outdoors Master","HKFT_014","HKFT_014.12.png","12","","",""
"Mystic Outdoors Master","HKFT_014","HKFT_014.11.png","11","","",""
"Mystic Outdoors Master","HKFT_014","HKFT_014.10.png","10","","",""
"Mystic Outdoors Master","HKFT_014","HKFT_014.9.png","9","","",""
"Mystic Outdoors Master","HKFT_014","HKFT_014.8.png","8","","",""
"Mystic Outdoors Master","HKFT_014","HKFT_014.7.png","7","","",""
"Mystic Outdoors Master","HKFT_014","HKFT_014.6.png","6","","",""
"Mystic Outdoors Master","HKFT_014","HKFT_014.5.png","5","","",""
"Mystic Outdoors Master","HKFT_014","HKFT_014.4.png","4","","",""
"Mystic Outdoors Master","HKFT_014","HKFT_014.3.png","3","","",""
"Mystic Outdoors Master","HKFT_014","HKFT_014.2.png","2","","",""
"Mystic Outdoors Master","HKFT_014","HKFT_014.1.png","1","","",""
"Mystic Outdoors Master","HKFT_013","HKFT_013.6.png","6","","",""
"Mystic Outdoors Master","HKFT_013","HKFT_013.5.png","5","","",""
"Mystic Outdoors Master","HKFT_013","HKFT_013.4.png","4","","",""
"Mystic Outdoors Master","HKFT_013","HKFT_013.3.png","3","","",""
"Mystic Outdoors Master","HKFT_013","HKFT_013.2.png","2","","",""
"Mystic Outdoors Master","HKFT_013","HKFT_013.1.png","1","","",""
"Mystic Outdoors Master","HKFT_012","HKFT_012.2.png","2","","",""
"Mystic Outdoors Master","HKFT_012","HKFT_012.1.png","1","","",""
"Mystic Outdoors Master","HKFT_011","HKFT_011.3.png","3","","",""
"Mystic Outdoors Master","HKFT_011","HKFT_011.2.png","2","","",""
"Mystic Outdoors Master","HKFT_011","HKFT_011.1.png","1","","",""
"Mystic Outdoors Master","HKFT_010","HKFT_010.png","1","","",""
"Mystic Outdoors Master","HKFT_009","HKFT_009.2.png","2","","",""
"Mystic Outdoors Master","HKFT_009","HKFT_009.1.png","1","","",""
"Mystic Outdoors Master","HKFT_008","HKFT_008.3.png","3","","",""
"Mystic Outdoors Master","HKFT_008","HKFT_008.2.png","2","","",""
"Mystic Outdoors Master","HKFT_008","HKFT_008.1.png","1","","",""
"Mystic Outdoors Master","HikePants_001","HikePants_001.1.png","1","","",""
"Mystic Outdoors Master","HikeJack_016","HikeJack_016.4.png","4","","",""
"Mystic Outdoors Master","HikeJack_016","HikeJack_016.3.png","3","","",""
"Mystic Outdoors Master","HikeJack_016","HikeJack_016.2.png","2","","",""
"Mystic Outdoors Master","HikeJack_016","HikeJack_016.1.png","1","","",""
"Mystic Outdoors Master","DOG_004","Dog_004.6.jpeg","6","","",""
"Mystic Outdoors Master","DOG_004","Dog_004.5.jpeg","5","","",""
"Mystic Outdoors Master","DOG_004","Dog_004.4.jpeg","4","","",""
"Mystic Outdoors Master","DOG_004","Dog_004.3.jpeg","3","","",""
"Mystic Outdoors Master","DOG_004","Dog_004.2.jpeg","2","","",""
"Mystic Outdoors Master","DOG_004","Dog_004.1.jpeg","1","","",""
"Mystic Outdoors Master","DOG_003","Dog_003.3.jpeg","3","","",""
"Mystic Outdoors Master","DOG_003","Dog_003.2.jpeg","2","","",""
"Mystic Outdoors Master","DOG_003","Dog_003.1.jpeg","1","","",""
"Mystic Outdoors Master","HKFT_003","HKFT_003.12.png","12","","",""
"Mystic Outdoors Master","HKFT_003","HKFT_003.11.png","11","","",""
"Mystic Outdoors Master","HKFT_003","HKFT_003.10.png","10","","",""
"Mystic Outdoors Master","HKFT_003","HKFT_003.9.png","9","","",""
"Mystic Outdoors Master","HKFT_003","HKFT_003.8.png","8","","",""
"Mystic Outdoors Master","HKFT_003","HKFT_003.7.png","7","","",""
"Mystic Outdoors Master","HKFT_003","HKFT_003.6.png","6","","",""
"Mystic Outdoors Master","HKFT_003","HKFT_003.5.png","5","","",""
"Mystic Outdoors Master","HKFT_003","HKFT_003.4.png","4","","",""
"Mystic Outdoors Master","HKFT_003","HKFT_003.3.png","3","","",""
"Mystic Outdoors Master","HKFT_003","HKFT_003.2.png","2","","",""
"Mystic Outdoors Master","HKFT_003","HKFT_003.1_1.png","1","","",""
"Mystic Outdoors Master","HKFT_002","HKFT_002.png","1","","",""
"Mystic Outdoors Master","Hammock_010","Hammock010_2.jpeg","2","","",""
"Mystic Outdoors Master","Hammock_010","hammock010_1.jpeg","1","","",""
"Mystic Outdoors Master","Hammock_009","hammock009_1.jpeg","1","","",""
"Mystic Outdoors Master","Hammock_008","Hammock_008_2.jpeg","2","","",""
"Mystic Outdoors Master","Hammock_008","Hammock_008_1.jpeg","1","","",""
"Mystic Outdoors Master","Hammock_007","Hammock007_3.jpeg","3","","",""
"Mystic Outdoors Master","Hammock_007","Hammock007_2.jpeg","2","","",""
"Mystic Outdoors Master","Hammock_007","Hammock007_1.jpeg","1","","",""
"Mystic Outdoors Master","Hammock_006","hammock006_2.jpeg","2","","",""
"Mystic Outdoors Master","Hammock_006","hammock006_1.jpeg","1","","",""
"Mystic Outdoors Master","Hammock_005","hammock005_3_1.jpeg","3","","",""
"Mystic Outdoors Master","Hammock_005","hammock005_2_1.jpeg","2","","",""
"Mystic Outdoors Master","Hammock_005","hammock005_1_1.jpeg","1","","",""
"Mystic Outdoors Master","Hammock_004","hammock004_2_1.jpeg","2","","",""
"Mystic Outdoors Master","Hammock_004","Hammock004_1.jpeg","1","","",""
"Mystic Outdoors Master","Hammock_003","hammock_003_1.png","1","","",""
"Mystic Outdoors Master","Hammock_002","Hammock_002_2.jpeg","2","","",""
"Mystic Outdoors Master","Hammock_002","Hammock_002_1.jpeg","1","","",""
"Mystic Outdoors Master","HikeJack_005","HikeJack_005.4.png","4","","",""
"Mystic Outdoors Master","HikeJack_005","HikeJack_005.3.png","3","","",""
"Mystic Outdoors Master","HikeJack_005","HikeJack_005.2.png","2","","",""
"Mystic Outdoors Master","HikeJack_005","HikeJack_005.1.png","1","","",""
"Mystic Outdoors Master","HikeJack_004","HikeJack_004.png","1","","",""
"Mystic Outdoors Master","HikeJack_003","HikeJack_003.7.png","7","","",""
"Mystic Outdoors Master","HikeJack_003","HikeJack_003.6.png","6","","",""
"Mystic Outdoors Master","HikeJack_003","HikeJack_003.5.png","5","","",""
"Mystic Outdoors Master","HikeJack_003","HikeJack_003.4.png","4","","",""
"Mystic Outdoors Master","HikeJack_003","HikeJack_003.3.png","3","","",""
"Mystic Outdoors Master","HikeJack_003","HikeJack_003.2.png","2","","",""
"Mystic Outdoors Master","HikeJack_003","HikeJack_003.1.png","1","","",""
"Mystic Outdoors Master","HikeJack_002","HikeJack_002.8.png","8","","",""
"Mystic Outdoors Master","HikeJack_002","HikeJack_002.7.png","7","","",""
"Mystic Outdoors Master","HikeJack_002","HikeJack_002.6.png","6","","",""
"Mystic Outdoors Master","HikeJack_002","HikeJack_002.5.png","5","","",""
"Mystic Outdoors Master","HikeJack_002","HikeJack_002.4.png","4","","",""
"Mystic Outdoors Master","HikeJack_002","HikeJack_002.3.png","3","","",""
"Mystic Outdoors Master","HikeJack_002","HikeJack_002.2.png","2","","",""
"Mystic Outdoors Master","HikeJack_002","HikeJack_002.1.png","1","","",""
"Mystic Outdoors Master","HikeJack_001","HikeJack_001.3.png","3","","",""
"Mystic Outdoors Master","HikeJack_001","HikeJack_001.2.png","2","","",""
"Mystic Outdoors Master","HikeJack_001","HikeJack_001.1.png","1","","",""
"Mystic Outdoors Master","Hats_010","Hats_010.3.png","3","","",""
"Mystic Outdoors Master","Hats_010","Hats_010.2.png","2","","",""
"Mystic Outdoors Master","Hats_010","Hats_010.1.png","1","","",""
"Mystic Outdoors Master","Hats_009","Hats_009.3.png","3","","",""
"Mystic Outdoors Master","Hats_009","Hats_009.2.png","2","","",""
"Mystic Outdoors Master","Hats_009","Hats_009.1.png","1","","",""
"Mystic Outdoors Master","Hats_008","Hats_008.4.png","4","","",""
"Mystic Outdoors Master","Hats_008","Hats_008.3.png","3","","",""
"Mystic Outdoors Master","Hats_008","Hats_008.2.png","2","","",""
"Mystic Outdoors Master","Hats_008","Hats_008.1.png","1","","",""
"Mystic Outdoors Master","Hats_007","Hats_007.3.png","3","","",""
"Mystic Outdoors Master","Hats_007","Hats_007.2.png","2","","",""
"Mystic Outdoors Master","Hats_007","Hats_007.1.png","1","","",""
"Mystic Outdoors Master","Hats_006","Hats_006.2.png","2","","",""
"Mystic Outdoors Master","Hats_006","Hats_006.1.png","1","","",""
"Mystic Outdoors Master","Hats_005","Hats_005.2.png","2","","",""
"Mystic Outdoors Master","Hats_005","Hats_005.1.png","1","","",""
"Mystic Outdoors Master","Hats_004","Hats_004.3.png","3","","",""
"Mystic Outdoors Master","Hats_004","Hats_004.2.png","2","","",""
"Mystic Outdoors Master","Hats_004","Hats_004.1.png","1","","",""
"Mystic Outdoors Master","Hats_003","Hats_003.png","1","","",""
"Mystic Outdoors Master","Hats_002","Hats_002.3.png","3","","",""
"Mystic Outdoors Master","Hats_002","Hats_002.2.png","2","","",""
"Mystic Outdoors Master","Hats_002","Hats_002.1.png","1","","",""
"Mystic Outdoors Master","Hats_001","Hats_001.1.png","1","","",""
"Mystic Outdoors Master","Hammock_027","hammock027_1.png","1","","",""
"Mystic Outdoors Master","HikeJack_015","HikeJack_015.8.png","8","","",""
"Mystic Outdoors Master","HikeJack_015","HikeJack_015.7.png","7","","",""
"Mystic Outdoors Master","HikeJack_015","HikeJack_015.6.png","6","","",""
"Mystic Outdoors Master","HikeJack_015","HikeJack_015.5.png","5","","",""
"Mystic Outdoors Master","HikeJack_015","HikeJack_015.4.png","4","","",""
"Mystic Outdoors Master","HikeJack_015","HikeJack_015.3.png","3","","",""
"Mystic Outdoors Master","HikeJack_015","HikeJack_015.2.png","2","","",""
"Mystic Outdoors Master","HikeJack_015","HikeJack_015.1.png","1","","",""
"Mystic Outdoors Master","HikeShirt_014","HikeShirt_014.6.png","6","","",""
"Mystic Outdoors Master","HikeShirt_014","HikeShirt_014.5.png","5","","",""
"Mystic Outdoors Master","HikeShirt_014","HikeShirt_014.4.png","4","","",""
"Mystic Outdoors Master","HikeShirt_014","HikeShirt_014.3.png","3","","",""
"Mystic Outdoors Master","HikeShirt_014","HikeShirt_014.2.png","2","","",""
"Mystic Outdoors Master","HikeShirt_014","HikeShirt_014.1.png","1","","",""
"Mystic Outdoors Master","HikeShirt_013","HikeShirt_013.13.png","13","","",""
"Mystic Outdoors Master","HikeShirt_013","HikeShirt_013.12.png","12","","",""
"Mystic Outdoors Master","HikeShirt_013","HikeShirt_013.11.png","11","","",""
"Mystic Outdoors Master","HikeShirt_013","HikeShirt_013.10.png","10","","",""
"Mystic Outdoors Master","HikeShirt_013","HikeShirt_013.9.png","9","","",""
"Mystic Outdoors Master","HikeShirt_013","HikeShirt_013.8.png","8","","",""
"Mystic Outdoors Master","HikeShirt_013","HikeShirt_013.7.png","7","","",""
"Mystic Outdoors Master","HikeShirt_013","HikeShirt_013.6.png","6","","",""
"Mystic Outdoors Master","HikeShirt_013","HikeShirt_013.5.png","5","","",""
"Mystic Outdoors Master","HikeShirt_013","HikeShirt_013.4.png","4","","",""
"Mystic Outdoors Master","HikeShirt_013","HikeShirt_013.3.png","3","","",""
"Mystic Outdoors Master","HikeShirt_013","HikeShirt_013.2.png","2","","",""
"Mystic Outdoors Master","HikeShirt_013","HikeShirt_013.1.png","1","","",""
"Mystic Outdoors Master","HikeShirt_012","HikeShirt_012.6.png","6","","",""
"Mystic Outdoors Master","HikeShirt_012","HikeShirt_012.5.png","5","","",""
"Mystic Outdoors Master","HikeShirt_012","HikeShirt_012.4.png","4","","",""
"Mystic Outdoors Master","HikeShirt_012","HikeShirt_012.3.png","3","","",""
"Mystic Outdoors Master","HikeShirt_012","HikeShirt_012.2.png","2","","",""
"Mystic Outdoors Master","HikeShirt_012","HikeShirt_012.1.png","1","","",""
"Mystic Outdoors Master","HikeShirt_011","HikeShirt_011.png","1","","",""
"Mystic Outdoors Master","HikeShirt_010","HikeShirt_010.6.png","6","","",""
"Mystic Outdoors Master","HikeShirt_010","HikeShirt_010.5.png","5","","",""
"Mystic Outdoors Master","HikeShirt_010","HikeShirt_010.4.png","4","","",""
"Mystic Outdoors Master","HikeShirt_010","HikeShirt_010.3.png","3","","",""
"Mystic Outdoors Master","HikeShirt_010","HikeShirt_010.2.png","2","","",""
"Mystic Outdoors Master","HikeShirt_010","HikeShirt_010.1.png","1","","",""
"Mystic Outdoors Master","HikeShirt_009","HikeShirt_009.4.png","4","","",""
"Mystic Outdoors Master","HikeShirt_009","HikeShirt_009.3.png","3","","",""
"Mystic Outdoors Master","HikeShirt_009","HikeShirt_009.2.png","2","","",""
"Mystic Outdoors Master","HikeShirt_009","HikeShirt_009.1.png","1","","",""
"Mystic Outdoors Master","HikeShirt_008","HikeShirt_008.9.png","9","","",""
"Mystic Outdoors Master","HikeShirt_008","HikeShirt_008.8.png","8","","",""
"Mystic Outdoors Master","HikeShirt_008","HikeShirt_008.7.png","7","","",""
"Mystic Outdoors Master","HikeShirt_008","HikeShirt_008.6.png","6","","",""
"Mystic Outdoors Master","HikeShirt_008","HikeShirt_008.5.png","5","","",""
"Mystic Outdoors Master","HikeShirt_008","HikeShirt_008.4.png","4","","",""
"Mystic Outdoors Master","HikeShirt_008","HikeShirt_008.3.png","3","","",""
"Mystic Outdoors Master","HikeShirt_008","HikeShirt_008.2.png","2","","",""
"Mystic Outdoors Master","HikeShirt_008","HikeShirt_008.1.png","1","","",""
"Mystic Outdoors Master","HikeShirt_007","HikeShirt_007.3.png","3","","",""
"Mystic Outdoors Master","HikeShirt_007","HikeShirt_007.2.png","2","","",""
"Mystic Outdoors Master","HikeShirt_007","HikeShirt_007.1.png","1","","",""
"Mystic Outdoors Master","HikeShirt_006","HikeShirt_006.9.png","9","","",""
"Mystic Outdoors Master","HikeShirt_006","HikeShirt_006.8.png","8","","",""
"Mystic Outdoors Master","HikeShirt_006","HikeShirt_006.7.png","7","","",""
"Mystic Outdoors Master","HikeShirt_006","HikeShirt_006.6.png","6","","",""
"Mystic Outdoors Master","HikeShirt_006","HikeShirt_006.5.png","5","","",""
"Mystic Outdoors Master","HikeShirt_006","HikeShirt_006.4.png","4","","",""
"Mystic Outdoors Master","HikeShirt_006","HikeShirt_006.3.png","3","","",""
"Mystic Outdoors Master","HikeShirt_006","HikeShirt_006.2.png","2","","",""
"Mystic Outdoors Master","HikeShirt_006","HikeShirt_006.1.png","1","","",""
"Mystic Outdoors Master","HikeShirt_005","HikeShirt_005.5.png","5","","",""
"Mystic Outdoors Master","HikeShirt_005","HikeShirt_005.4.png","4","","",""
"Mystic Outdoors Master","HikeShirt_005","HikeShirt_005.3.png","3","","",""
"Mystic Outdoors Master","HikeShirt_005","HikeShirt_005.2.png","2","","",""
"Mystic Outdoors Master","HikeShirt_005","HikeShirt_005.1.png","1","","",""
"Mystic Outdoors Master","HikeShirt_004","HikeShirt_004.3.png","3","","",""
"Mystic Outdoors Master","HikeShirt_004","HikeShirt_004.2.png","2","","",""
"Mystic Outdoors Master","HikeShirt_004","HikeShirt_004.1.png","1","","",""
"Mystic Outdoors Master","HikeShirt_003","HikeShirt_003.4.png","4","","",""
"Mystic Outdoors Master","HikeShirt_003","HikeShirt_003.3.png","3","","",""
"Mystic Outdoors Master","HikeShirt_003","HikeShirt_003.2.png","2","","",""
"Mystic Outdoors Master","HikeShirt_003","HikeShirt_003.1.png","1","","",""
"Mystic Outdoors Master","HikeShirt_002","HikeShirt_002.3.png","3","","",""
"Mystic Outdoors Master","HikeShirt_002","HikeShirt_002.2.png","2","","",""
"Mystic Outdoors Master","HikeShirt_002","HikeShirt_002.1.png","1","","",""
"Mystic Outdoors Master","HikeShirt_001","HikeShirt_001.4.png","4","","",""
"Mystic Outdoors Master","HikeShirt_001","HikeShirt_001.3.png","3","","",""
"Mystic Outdoors Master","HikeShirt_001","HikeShirt_001.2.png","2","","",""
"Mystic Outdoors Master","HikeShirt_001","HikeShirt_001.1.png","1","","",""
"Mystic Outdoors Master","HikePants_015","HikePants_015.1.png","1","","",""
"Mystic Outdoors Master","HikePants_014","HikePants_014.2.png","2","","",""
"Mystic Outdoors Master","HikePants_014","HikePants_014.1.png","1","","",""
"Mystic Outdoors Master","HKFT_007","HKFT_007.11.png","11","","",""
"Mystic Outdoors Master","HKFT_007","HKFT_007.10.png","10","","",""
"Mystic Outdoors Master","HKFT_007","HKFT_007.9.png","9","","",""
"Mystic Outdoors Master","HKFT_007","HKFT_007.8.png","8","","",""
"Mystic Outdoors Master","HKFT_007","HKFT_007.7.png","7","","",""
"Mystic Outdoors Master","HKFT_007","HKFT_007.6.png","6","","",""
"Mystic Outdoors Master","HKFT_007","HKFT_007.5.png","5","","",""
"Mystic Outdoors Master","HKFT_007","HKFT_007.4.png","4","","",""
"Mystic Outdoors Master","HKFT_007","HKFT_007.3.png","3","","",""
"Mystic Outdoors Master","HKFT_007","HKFT_007.2.png","2","","",""
"Mystic Outdoors Master","HKFT_007","HKFT_007.1.png","1","","",""
"Mystic Outdoors Master","HKFT_006","HKFT_006.2.png","2","","",""
"Mystic Outdoors Master","HKFT_006","HKFT_006.1.png","1","","",""
"Mystic Outdoors Master","HKFT_005","HKFT_005.10.png","10","","",""
"Mystic Outdoors Master","HKFT_005","HKFT_005.9.png","9","","",""
"Mystic Outdoors Master","HKFT_005","HKFT_005.8.png","8","","",""
"Mystic Outdoors Master","HKFT_005","HKFT_005.7.png","7","","",""
"Mystic Outdoors Master","HKFT_005","HKFT_005.6.png","6","","",""
"Mystic Outdoors Master","HKFT_005","HKFT_005.5.png","5","","",""
"Mystic Outdoors Master","HKFT_005","HKFT_005.4.png","4","","",""
"Mystic Outdoors Master","HKFT_005","HKFT_005.3.png","3","","",""
"Mystic Outdoors Master","HKFT_005","HKFT_005.2.png","2","","",""
"Mystic Outdoors Master","HKFT_005","HKFT_005.1.png","1","","",""
"Mystic Outdoors Master","HKFT_004","HKFT_004.png","1","","",""
"Mystic Outdoors Master","HikePants_005","HikePants_005.1.png","1","","",""
"Mystic Outdoors Master","HikePants_004","HikePants_004.1.png","1","","",""
"Mystic Outdoors Master","HikePants_003","HikePants_003.4.png","4","","",""
"Mystic Outdoors Master","HikePants_003","HikePants_003.3.png","3","","",""
"Mystic Outdoors Master","HikePants_003","HikePants_003.2.png","2","","",""
"Mystic Outdoors Master","HikePants_003","HikePants_003.1.png","1","","",""
"Mystic Outdoors Master","HikePants_002","HikePants_002.6.png","6","","",""
"Mystic Outdoors Master","HikePants_002","HikePants_002.5.png","5","","",""
"Mystic Outdoors Master","HikePants_002","HikePants_002.4.png","4","","",""
"Mystic Outdoors Master","HikePants_002","HikePants_002.3.png","3","","",""
"Mystic Outdoors Master","HikePants_002","HikePants_002.2.png","2","","",""
"Mystic Outdoors Master","HikePants_002","HikePants_002.1.png","1","","",""
"Mystic Outdoors Master","HikeJack_014","HikeJack_014.6.png","6","","",""
"Mystic Outdoors Master","HikeJack_014","HikeJack_014.5.png","5","","",""
"Mystic Outdoors Master","HikeJack_014","HikeJack_014.4.png","4","","",""
"Mystic Outdoors Master","HikeJack_014","HikeJack_014.3.png","3","","",""
"Mystic Outdoors Master","HikeJack_014","HikeJack_014.2.png","2","","",""
"Mystic Outdoors Master","HikeJack_014","HikeJack_014.1.png","1","","",""
"Mystic Outdoors Master","HikeJack_013","HikeJack_013.4.png","4","","",""
"Mystic Outdoors Master","HikeJack_013","HikeJack_013.3.png","3","","",""
"Mystic Outdoors Master","HikeJack_013","HikeJack_013.2.png","2","","",""
"Mystic Outdoors Master","HikeJack_013","HikeJack_013.1.png","1","","",""
"Mystic Outdoors Master","HikeJack_012","HikeJack_012.11.png","11","","",""
"Mystic Outdoors Master","HikeJack_012","HikeJack_012.10.png","10","","",""
"Mystic Outdoors Master","HikeJack_012","HikeJack_012.9.png","9","","",""
"Mystic Outdoors Master","HikeJack_012","HikeJack_012.8.png","8","","",""
"Mystic Outdoors Master","HikeJack_012","HikeJack_012.7.png","7","","",""
"Mystic Outdoors Master","HikeJack_012","HikeJack_012.6.png","6","","",""
"Mystic Outdoors Master","HikeJack_012","HikeJack_012.5.png","5","","",""
"Mystic Outdoors Master","HikeJack_012","HikeJack_012.4.png","4","","",""
"Mystic Outdoors Master","HikeJack_012","HikeJack_012.3.png","3","","",""
"Mystic Outdoors Master","HikeJack_012","HikeJack_012.2.png","2","","",""
"Mystic Outdoors Master","HikeJack_012","HikeJack_012.1.png","1","","",""
"Mystic Outdoors Master","HikeJack_011","HikeJack_011.7.png","7","","",""
"Mystic Outdoors Master","HikeJack_011","HikeJack_011.6.png","6","","",""
"Mystic Outdoors Master","HikeJack_011","HikeJack_011.5.png","5","","",""
"Mystic Outdoors Master","HikeJack_011","HikeJack_011.4.png","4","","",""
"Mystic Outdoors Master","HikeJack_011","HikeJack_011.3.png","3","","",""
"Mystic Outdoors Master","HikeJack_011","HikeJack_011.2.png","2","","",""
"Mystic Outdoors Master","HikeJack_011","HikeJack_011.1.png","1","","",""
"Mystic Outdoors Master","HikeJack_010","HikeJack_010.12.png","12","","",""
"Mystic Outdoors Master","HikeJack_010","HikeJack_010.11.png","11","","",""
"Mystic Outdoors Master","HikeJack_010","HikeJack_010.10.png","10","","",""
"Mystic Outdoors Master","HikeJack_010","HikeJack_010.9.png","9","","",""
"Mystic Outdoors Master","HikeJack_010","HikeJack_010.8.png","8","","",""
"Mystic Outdoors Master","HikeJack_010","HikeJack_010.7.png","7","","",""
"Mystic Outdoors Master","HikeJack_010","HikeJack_010.6.png","6","","",""
"Mystic Outdoors Master","HikeJack_010","HikeJack_010.5.png","5","","",""
"Mystic Outdoors Master","HikeJack_010","HikeJack_010.4.png","4","","",""
"Mystic Outdoors Master","HikeJack_010","HikeJack_010.3.png","3","","",""
"Mystic Outdoors Master","HikeJack_010","HikeJack_010.2.png","2","","",""
"Mystic Outdoors Master","HikeJack_010","HikeJack_010.1_1.png","1","","",""
"Mystic Outdoors Master","HikeJack_009","HikeJack_009.5.png","5","","",""
"Mystic Outdoors Master","HikeJack_009","HikeJack_009.4.png","4","","",""
"Mystic Outdoors Master","HikeJack_009","HikeJack_009.3.png","3","","",""
"Mystic Outdoors Master","HikeJack_009","HikeJack_009.2.png","2","","",""
"Mystic Outdoors Master","HikeJack_009","HikeJack_009.1.png","1","","",""
"Mystic Outdoors Master","HikeJack_008","HikeJack_008.6.png","6","","",""
"Mystic Outdoors Master","HikeJack_008","HikeJack_008.5.png","5","","",""
"Mystic Outdoors Master","HikeJack_008","HikeJack_008.4.png","4","","",""
"Mystic Outdoors Master","HikeJack_008","HikeJack_008.3.png","3","","",""
"Mystic Outdoors Master","HikeJack_008","HikeJack_008.2.png","2","","",""
"Mystic Outdoors Master","HikeJack_008","HikeJack_008.1.png","1","","",""
"Mystic Outdoors Master","HikeJack_007","HikeJack_007.10.png","10","","",""
"Mystic Outdoors Master","HikeJack_007","HikeJack_007.9.png","9","","",""
"Mystic Outdoors Master","HikeJack_007","HikeJack_007.8.png","8","","",""
"Mystic Outdoors Master","HikeJack_007","HikeJack_007.7.png","7","","",""
"Mystic Outdoors Master","HikeJack_007","HikeJack_007.6.png","6","","",""
"Mystic Outdoors Master","HikeJack_007","HikeJack_007.5.png","5","","",""
"Mystic Outdoors Master","HikeJack_007","HikeJack_007.4.png","4","","",""
"Mystic Outdoors Master","HikeJack_007","HikeJack_007.3.png","3","","",""
"Mystic Outdoors Master","HikeJack_007","HikeJack_007.2.png","2","","",""
"Mystic Outdoors Master","HikeJack_007","HikeJack_007.1.png","1","","",""
"Mystic Outdoors Master","HikeJack_006","HikeJack_006.17.png","17","","",""
"Mystic Outdoors Master","HikeJack_006","HikeJack_006.16.png","16","","",""
"Mystic Outdoors Master","HikeJack_006","HikeJack_006.15.png","15","","",""
"Mystic Outdoors Master","HikeJack_006","HikeJack_006.14.png","14","","",""
"Mystic Outdoors Master","HikeJack_006","HikeJack_006.13.png","13","","",""
"Mystic Outdoors Master","HikeJack_006","HikeJack_006.12.png","12","","",""
"Mystic Outdoors Master","HikeJack_006","HikeJack_006.11.png","11","","",""
"Mystic Outdoors Master","HikeJack_006","HikeJack_006.10.png","10","","",""
"Mystic Outdoors Master","HikeJack_006","HikeJack_006.9.png","9","","",""
"Mystic Outdoors Master","HikeJack_006","HikeJack_006.8.png","8","","",""
"Mystic Outdoors Master","HikeJack_006","HikeJack_006.7.png","7","","",""
"Mystic Outdoors Master","HikeJack_006","HikeJack_006.6.png","6","","",""
"Mystic Outdoors Master","HikeJack_006","HikeJack_006.5.png","5","","",""
"Mystic Outdoors Master","HikeJack_006","HikeJack_006.4.png","4","","",""
"Mystic Outdoors Master","HikeJack_006","HikeJack_006.3.png","3","","",""
"Mystic Outdoors Master","HikeJack_006","HikeJack_006.2.png","2","","",""
"Mystic Outdoors Master","HikeJack_006","HikeJack_006.1.png","1","","",""
"Mystic Outdoors Master","SleepBag_009","SleepBag_009_1.png","11","","",""
"Mystic Outdoors Master","SleepBag_009","SleepBag_009_3.png","10","","",""
"Mystic Outdoors Master","SleepBag_009","SleepBag_009_6.png","9","","",""
"Mystic Outdoors Master","SleepBag_009","SleepBag_009_2.png","8","","",""
"Mystic Outdoors Master","SleepBag_009","SleepBag_009_5.png","7","","",""
"Mystic Outdoors Master","SleepBag_009","SleepBag_009_8.png","6","","",""
"Mystic Outdoors Master","SleepBag_009","SleepBag_009_7.png","5","","",""
"Mystic Outdoors Master","SleepBag_009","SleepBag_009_4.png","4","","",""
"Mystic Outdoors Master","SleepBag_009","SleepBag_009_91.png","3","","",""
"Mystic Outdoors Master","SleepBag_009","SleepBag_009_9.png","2","","",""
"Mystic Outdoors Master","SleepBag_009","SleepBag_009_92.png","1","","",""
"Mystic Outdoors Master","SleepBag_008","SleepBag_008_1.png","3","","",""
"Mystic Outdoors Master","SleepBag_008","SleepBag_008_2.png","2","","",""
"Mystic Outdoors Master","SleepBag_008","SleepBag_008_3.png","1","","",""
"Mystic Outdoors Master","SleepBag_007","SleepBag_007_2.png","3","","",""
"Mystic Outdoors Master","SleepBag_007","SleepBag_007_1.png","2","","",""
"Mystic Outdoors Master","SleepBag_007","SleepBag_007_3.png","1","","",""
"Mystic Outdoors Master","SleepBag_006","SleepBag_006_3.png","3","","",""
"Mystic Outdoors Master","SleepBag_006","SleepBag_006_1.png","2","","",""
"Mystic Outdoors Master","SleepBag_006","SleepBag_006_2.png","1","","",""
"Mystic Outdoors Master","SleepPad_018","sleeppad017_1.jpg","1","","",""
"Mystic Outdoors Master","SleepPad_017","sleeppad016_1.jpg","1","","",""
"Mystic Outdoors Master","SleepPad_015","sleeppad015_2.jpg","2","","",""
"Mystic Outdoors Master","SleepPad_015","sleeppad015_1.jpg","1","","",""
"Mystic Outdoors Master","SleepPad_014","sleeppad014_1.jpg","1","","",""
"Mystic Outdoors Master","SleepPad_013","sleeppad013_2.png","2","","",""
"Mystic Outdoors Master","SleepPad_013","sleeppad013_1.png","1","","",""
"Mystic Outdoors Master","SleepPad_012","sleep012_1.jpg","1","","",""
"Mystic Outdoors Master","SleepPad_011","sleeppad011_1.png","1","","",""
"Mystic Outdoors Master","SleepBag_005","SleepBag_005_1.png","2","","",""
"Mystic Outdoors Master","SleepBag_005","SleepBag_005_2.png","1","","",""
"Mystic Outdoors Master","SleepBag_004","SleepBag_004_3.png","5","","",""
"Mystic Outdoors Master","SleepBag_004","SleepBag_004_1.png","4","","",""
"Mystic Outdoors Master","SleepBag_004","SleepBag_004_4.png","3","","",""
"Mystic Outdoors Master","SleepBag_004","SleepBag_004_2.png","2","","",""
"Mystic Outdoors Master","SleepBag_004","SleepBag_004_5.png","1","","",""
"Mystic Outdoors Master","SleepBag_003","SleepBag_003_1.png","5","","",""
"Mystic Outdoors Master","SleepBag_003","SleepBag_003_5.png","4","","",""
"Mystic Outdoors Master","SleepBag_003","SleepBag_003_4.png","3","","",""
"Mystic Outdoors Master","SleepBag_003","SleepBag_003_3.png","2","","",""
"Mystic Outdoors Master","SleepBag_003","SleepBag_003_2.png","1","","",""
"Mystic Outdoors Master","Tent_025","Tent_025_2.png","11","","",""
"Mystic Outdoors Master","Tent_025","Tent_025_5.png","10","","",""
"Mystic Outdoors Master","Tent_025","Tent_025_4.png","9","","",""
"Mystic Outdoors Master","Tent_025","Tent_025_8.png","8","","",""
"Mystic Outdoors Master","Tent_025","Tent_025_11.png","7","","",""
"Mystic Outdoors Master","Tent_025","Tent_025_7.png","6","","",""
"Mystic Outdoors Master","Tent_025","Tent_025_1_1.png","5","","",""
"Mystic Outdoors Master","Tent_025","Tent_025_6.png","4","","",""
"Mystic Outdoors Master","Tent_025","Tent_025_9.png","3","","",""
"Mystic Outdoors Master","Tent_025","Tent_025_3.png","2","","",""
"Mystic Outdoors Master","Tent_025","Tent_025_10.png","1","","",""
"Mystic Outdoors Master","WaterProd0003","WaterProd00023.jpg","3","","",""
"Mystic Outdoors Master","WaterProd0003","WaterProd00022.jpg","2","","",""
"Mystic Outdoors Master","WaterProd0003","WaterProd00021.jpg","1","","",""
"Mystic Outdoors Master","WaterProd0001","WaterProd00012.jpg","2","","",""
"Mystic Outdoors Master","WaterProd0001","WaterProd00011.jpg","1","","",""
"Mystic Outdoors Master","Watch_Sport0004","Watch_Sport00046.jpg","6","","",""
"Mystic Outdoors Master","Watch_Sport0004","Watch_Sport00045.jpg","5","","",""
"Mystic Outdoors Master","Watch_Sport0004","Watch_Sport00044.jpg","4","","",""
"Mystic Outdoors Master","Watch_Sport0004","Watch_Sport00043.jpg","3","","",""
"Mystic Outdoors Master","Watch_Sport0004","Watch_Sport00042.jpg","2","","",""
"Mystic Outdoors Master","Watch_Sport0004","Watch_Sport00041.jpg","1","","",""
"Mystic Outdoors Master","Watch_Sport0003","Watch_Sport000315.jpg","15","","",""
"Mystic Outdoors Master","Watch_Sport0003","Watch_Sport000314.jpg","14","","",""
"Mystic Outdoors Master","Watch_Sport0003","Watch_Sport000313.jpg","13","","",""
"Mystic Outdoors Master","Watch_Sport0003","Watch_Sport000312.jpg","12","","",""
"Mystic Outdoors Master","Watch_Sport0003","Watch_Sport000311.jpg","11","","",""
"Mystic Outdoors Master","Watch_Sport0003","Watch_Sport000310.jpg","10","","",""
"Mystic Outdoors Master","Watch_Sport0003","Watch_Sport00039.jpg","9","","",""
"Mystic Outdoors Master","Watch_Sport0003","Watch_Sport00038.jpg","8","","",""
"Mystic Outdoors Master","Watch_Sport0003","Watch_Sport00037.jpg","7","","",""
"Mystic Outdoors Master","Watch_Sport0003","Watch_Sport00036.jpg","6","","",""
"Mystic Outdoors Master","Watch_Sport0003","Watch_Sport00035.jpg","5","","",""
"Mystic Outdoors Master","Watch_Sport0003","Watch_Sport00034.jpg","4","","",""
"Mystic Outdoors Master","Watch_Sport0003","Watch_Sport00033.jpg","3","","",""
"Mystic Outdoors Master","Watch_Sport0003","Watch_Sport00032.jpg","2","","",""
"Mystic Outdoors Master","Watch_Sport0003","Watch_Sport00031.jpg","1","","",""
"Mystic Outdoors Master","Sock_012","Socks_012.3.png","3","","",""
"Mystic Outdoors Master","Sock_012","Socks_012.2.png","2","","",""
"Mystic Outdoors Master","Sock_012","Socks_012.1.png","1","","",""
"Mystic Outdoors Master","SleepPad_010","sleeppad010_1.png","1","","",""
"Mystic Outdoors Master","SleepPad_009","sleeppad009_2.jpg","2","","",""
"Mystic Outdoors Master","SleepPad_009","sleeppad009_1.jpg","1","","",""
"Mystic Outdoors Master","SleepPad_008","sleeppad008_3.jpg","3","","",""
"Mystic Outdoors Master","SleepPad_008","hammock008_2.jpg","2","","",""
"Mystic Outdoors Master","SleepPad_008","hammock008_1.jpg","1","","",""
"Mystic Outdoors Master","SleepPad_007","hammock007_1_1.jpg","1","","",""
"Mystic Outdoors Master","SleepPad_006","hammock006_1_1.png","1","","",""
"Mystic Outdoors Master","SleepPad_005","Hammock005_1_1.jpg","1","","",""
"Mystic Outdoors Master","SleepPad_004","sleeppad004_3.jpeg","3","","",""
"Mystic Outdoors Master","SleepPad_004","sleeppad004_2.jpeg","2","","",""
"Mystic Outdoors Master","SleepPad_004","Sleeppad004_1.jpeg","1","","",""
"Mystic Outdoors Master","SleepPad_003","SleepPad_003_1.png","1","","",""
"Mystic Outdoors Master","SleepPad_002","SleepPad_002_2.png","2","","",""
"Mystic Outdoors Master","SleepPad_002","SleepPad_002_1.png","1","","",""
"Mystic Outdoors Master","SleepPad_001","Sleeppad001_2.jpeg","2","","",""
"Mystic Outdoors Master","SleepPad_001","Sleeppad001_1.jpeg","1","","",""
"Mystic Outdoors Master","SleepBag_002","SleepBag_002_4.png","4","","",""
"Mystic Outdoors Master","SleepBag_002","SleepBag_002_2.png","3","","",""
"Mystic Outdoors Master","SleepBag_002","SleepBag_002_1.png","2","","",""
"Mystic Outdoors Master","SleepBag_002","SleepBag_002_3.png","1","","",""
"Mystic Outdoors Master","SleepBag_001","SleepBag_001_3.png","4","","",""
"Mystic Outdoors Master","SleepBag_001","SleepBag_001_2.png","3","","",""
"Mystic Outdoors Master","SleepBag_001","SleepBag_001_4.png","2","","",""
"Mystic Outdoors Master","SleepBag_001","SleepBag_001_1.png","1","","",""
"Mystic Outdoors Master","SG_011","SG_011.png","1","","",""
"Mystic Outdoors Master","SG_010","SG_010.2.png","2","","",""
"Mystic Outdoors Master","SG_010","SG_010.1.png","1","","",""
"Mystic Outdoors Master","SG_009","SG_009.1.png","1","","",""
"Mystic Outdoors Master","SG_008","SG_008.3.png","3","","",""
"Mystic Outdoors Master","SG_008","SG_008.2.png","2","","",""
"Mystic Outdoors Master","SG_008","SG_008.1.png","1","","",""
"Mystic Outdoors Master","SG_007","SG_007.4.png","4","","",""
"Mystic Outdoors Master","SG_007","SG_007.3.png","3","","",""
"Mystic Outdoors Master","SG_007","SG_007.1.png","1","","",""
"Mystic Outdoors Master","SG_006","SG_006.2.png","2","","",""
"Mystic Outdoors Master","SG_006","SG_006.1.png","1","","",""
"Mystic Outdoors Master","SG_005","SG_005.png","1","","",""
"Mystic Outdoors Master","SG_004","SG_004.png","1","","",""
"Mystic Outdoors Master","SG_003","SG_003.8.png","8","","",""
"Mystic Outdoors Master","SG_003","SG_003.7.png","7","","",""
"Mystic Outdoors Master","SG_003","SG_003.6.png","6","","",""
"Mystic Outdoors Master","SG_003","SG_003.5.png","5","","",""
"Mystic Outdoors Master","SG_003","SG_003.4.png","4","","",""
"Mystic Outdoors Master","SG_003","SG_003.3.png","3","","",""
"Mystic Outdoors Master","SG_003","SG_003.2.png","2","","",""
"Mystic Outdoors Master","SG_003","SG_003.1.png","1","","",""
"Mystic Outdoors Master","SG_002","SG_002.3.png","3","","",""
"Mystic Outdoors Master","SG_002","SG_002.2.png","2","","",""
"Mystic Outdoors Master","SG_002","SG_002.1.png","1","","",""
"Mystic Outdoors Master","SG_001","SG_001.2.png","2","","",""
"Mystic Outdoors Master","SG_001","SG_001.1.png","1","","",""
"Mystic Outdoors Master","SBS-923275","Sally4.png","1","","",""
"Mystic Outdoors Master","SBS-705350","Sally3.png","1","","",""
"Mystic Outdoors Master","SBS-561030","Sally2.png","1","","",""
"Mystic Outdoors Master","SBS-345341","Sally1.png","1","","",""
"Mystic Outdoors Master","SBS-240068","Sally5.png","1","","",""
"Mystic Outdoors Master","PowerDevice0004","PowerDevice000415.jpg","15","","",""
"Mystic Outdoors Master","PowerDevice0004","PowerDevice000414.jpg","14","","",""
"Mystic Outdoors Master","PowerDevice0004","PowerDevice000413.jpg","13","","",""
"Mystic Outdoors Master","PowerDevice0004","PowerDevice000412.jpg","12","","",""
"Mystic Outdoors Master","PowerDevice0004","PowerDevice000411.jpg","11","","",""
"Mystic Outdoors Master","PowerDevice0004","PowerDevice000410.jpg","10","","",""
"Mystic Outdoors Master","PowerDevice0004","PowerDevice00049.jpg","9","","",""
"Mystic Outdoors Master","PowerDevice0004","PowerDevice00048.jpg","8","","",""
"Mystic Outdoors Master","PowerDevice0004","PowerDevice00047.jpg","7","","",""
"Mystic Outdoors Master","PowerDevice0004","PowerDevice00046.jpg","6","","",""
"Mystic Outdoors Master","PowerDevice0004","PowerDevice00045.jpg","5","","",""
"Mystic Outdoors Master","PowerDevice0004","PowerDevice00044.jpg","4","","",""
"Mystic Outdoors Master","PowerDevice0004","PowerDevice00043.jpg","3","","",""
"Mystic Outdoors Master","PowerDevice0004","PowerDevice00042.jpg","2","","",""
"Mystic Outdoors Master","PowerDevice0004","PowerDevice00041.jpg","1","","",""
"Mystic Outdoors Master","PowerDevice0003","PowerDevice00032.jpg","2","","",""
"Mystic Outdoors Master","PowerDevice0003","PowerDevice00031.jpg","1","","",""
"Mystic Outdoors Master","PowerDevice0002","PowerDevice00024.jpg","4","","",""
"Mystic Outdoors Master","PowerDevice0002","PowerDevice00023.jpg","3","","",""
"Mystic Outdoors Master","PowerDevice0002","PowerDevice00022.jpg","2","","",""
"Mystic Outdoors Master","PowerDevice0002","PowerDevice00021.jpg","1","","",""
"Mystic Outdoors Master","PowerDevice0001","PowerDevice00016.jpg","6","","",""
"Mystic Outdoors Master","PowerDevice0001","PowerDevice00015.jpg","5","","",""
"Mystic Outdoors Master","PowerDevice0001","PowerDevice00014.jpg","4","","",""
"Mystic Outdoors Master","PowerDevice0001","PowerDevice00013.jpg","3","","",""
"Mystic Outdoors Master","PowerDevice0001","PowerDevice00012.jpg","2","","",""
"Mystic Outdoors Master","PowerDevice0001","PowerDevice00011.jpg","1","","",""
"Mystic Outdoors Master","PFD_007","PFD_007.1.png","1","","",""
"Mystic Outdoors Master","PFD_006","PFD_006.1.png","1","","",""
"Mystic Outdoors Master","PFD_005","PFD_005.1.png","1","","",""
"Mystic Outdoors Master","SleepBag_017","SleepBag_017_4.png","4","","",""
"Mystic Outdoors Master","SleepBag_017","SleepBag_017_1.png","3","","",""
"Mystic Outdoors Master","SleepBag_017","SleepBag_017_3.png","2","","",""
"Mystic Outdoors Master","SleepBag_017","SleepBag_017_2.png","1","","",""
"Mystic Outdoors Master","SleepBag_016","SleepBag_016_1.png","1","","",""
"Mystic Outdoors Master","SleepBag_015","SleepBag_015_1.png","2","","",""
"Mystic Outdoors Master","SleepBag_015","SleepBag_015_2.png","1","","",""
"Mystic Outdoors Master","SleepBag_014","SleepBag_014_2.png","3","","",""
"Mystic Outdoors Master","SleepBag_014","SleepBag_014_1.png","2","","",""
"Mystic Outdoors Master","SleepBag_014","SleepBag_014_3.png","1","","",""
"Mystic Outdoors Master","SleepBag_013","SleepBag_013_1.png","1","","",""
"Mystic Outdoors Master","SleepBag_012","SleepBag_012_3.png","5","","",""
"Mystic Outdoors Master","SleepBag_012","SleepBag_012_1.png","4","","",""
"Mystic Outdoors Master","SleepBag_012","SleepBag_012_2.png","3","","",""
"Mystic Outdoors Master","SleepBag_012","SleepBag_012_4.png","2","","",""
"Mystic Outdoors Master","SleepBag_012","SleepBag_012_5.png","1","","",""
"Mystic Outdoors Master","SleepBag_011","SleepBag_011_1.png","10","","",""
"Mystic Outdoors Master","SleepBag_011","SleepBag_011_10.png","9","","",""
"Mystic Outdoors Master","SleepBag_011","SleepBag_011_9.png","8","","",""
"Mystic Outdoors Master","SleepBag_011","SleepBag_011_4.png","7","","",""
"Mystic Outdoors Master","SleepBag_011","SleepBag_011_6.png","6","","",""
"Mystic Outdoors Master","SleepBag_011","SleepBag_011_2.png","5","","",""
"Mystic Outdoors Master","SleepBag_011","SleepBag_011_5.png","4","","",""
"Mystic Outdoors Master","SleepBag_011","SleepBag_011_7.png","3","","",""
"Mystic Outdoors Master","SleepBag_011","SleepBag_011_8.png","2","","",""
"Mystic Outdoors Master","SleepBag_011","SleepBag_011_3.png","1","","",""
"Mystic Outdoors Master","SleepBag_010","SleepBag_010_10.png","10","","",""
"Mystic Outdoors Master","SleepBag_010","SleepBag_010_8.png","9","","",""
"Mystic Outdoors Master","SleepBag_010","SleepBag_010_5.png","8","","",""
"Mystic Outdoors Master","SleepBag_010","SleepBag_010_3.png","7","","",""
"Mystic Outdoors Master","SleepBag_010","SleepBag_010_4.png","6","","",""
"Mystic Outdoors Master","SleepBag_010","SleepBag_010_6.png","5","","",""
"Mystic Outdoors Master","SleepBag_010","SleepBag_010_7.png","4","","",""
"Mystic Outdoors Master","SleepBag_010","SleepBag_010_2.png","3","","",""
"Mystic Outdoors Master","SleepBag_010","SleepBag_010_9.png","2","","",""
"Mystic Outdoors Master","SleepBag_010","SleepBag_010_1.png","1","","",""
"Mystic Outdoors Master","TentAcc_001","TentAcc_001_2.png","2","","",""
"Mystic Outdoors Master","TentAcc_001","TentAcc_001_1.png","1","","",""
"Mystic Outdoors Master","Tent_030","Tent_030_5.png","5","","",""
"Mystic Outdoors Master","Tent_030","Tent_030_2.png","4","","",""
"Mystic Outdoors Master","Tent_030","Tent_030_3.png","3","","",""
"Mystic Outdoors Master","Tent_030","Tent_030_4.png","2","","",""
"Mystic Outdoors Master","Tent_030","Tent_030_1.png","1","","",""
"Mystic Outdoors Master","Tent_029","Tent_029_1.png","2","","",""
"Mystic Outdoors Master","Tent_029","Tent_029_2.png","1","","",""
"Mystic Outdoors Master","Tent_028","Tent_028_2.png","2","","",""
"Mystic Outdoors Master","Tent_028","Tent_028_1.png","1","","",""
"Mystic Outdoors Master","Tent_002","Tent_002_2.png","8","","",""
"Mystic Outdoors Master","Tent_002","Tent_002_8.png","7","","",""
"Mystic Outdoors Master","Tent_002","Tent_002_5.png","6","","",""
"Mystic Outdoors Master","Tent_002","Tent_002_6.png","5","","",""
"Mystic Outdoors Master","Tent_002","Tent_002_4.png","4","","",""
"Mystic Outdoors Master","Tent_002","Tent_002_1.png","3","","",""
"Mystic Outdoors Master","Tent_002","Tent_002_7.png","2","","",""
"Mystic Outdoors Master","Tent_002","Tent_002_3.png","1","","",""
"Mystic Outdoors Master","Tent_001","Tent_001_1.png","4","","",""
"Mystic Outdoors Master","Tent_001","Tent_001_2.png","3","","",""
"Mystic Outdoors Master","Tent_001","Tent_001_4.png","2","","",""
"Mystic Outdoors Master","Tent_001","Tent_001_3.png","1","","",""
"Mystic Outdoors Master","Tent_024","Tent_024_1.png","3","","",""
"Mystic Outdoors Master","Tent_024","Tent_024_3.png","2","","",""
"Mystic Outdoors Master","Tent_024","Tent_024_2.png","1","","",""
"Mystic Outdoors Master","Tent_023","Tent_023_1.png","2","","",""
"Mystic Outdoors Master","Tent_023","Tent_023_2.png","1","","",""
"Mystic Outdoors Master","Tent_022","Tent_022_4.png","10","","",""
"Mystic Outdoors Master","Tent_022","Tent_022_8.png","9","","",""
"Mystic Outdoors Master","Tent_022","Tent_022_9.png","8","","",""
"Mystic Outdoors Master","Tent_022","Tent_022_1.png","7","","",""
"Mystic Outdoors Master","Tent_022","Tent_022_6.png","6","","",""
"Mystic Outdoors Master","Tent_022","Tent_022_3.png","5","","",""
"Mystic Outdoors Master","Tent_022","Tent_022_2.png","4","","",""
"Mystic Outdoors Master","Tent_022","Tent_022_7.png","3","","",""
"Mystic Outdoors Master","Tent_022","Tent_022_5.png","2","","",""
"Mystic Outdoors Master","Tent_022","Tent_022_10.png","1","","",""
"Mystic Outdoors Master","Tent_021","Tent_021_6.png","7","","",""
"Mystic Outdoors Master","Tent_021","Tent_021_3.png","6","","",""
"Mystic Outdoors Master","Tent_021","Tent_021_1.png","5","","",""
"Mystic Outdoors Master","Tent_021","Tent_021_5.png","4","","",""
"Mystic Outdoors Master","Tent_021","Tent_021_4.png","3","","",""
"Mystic Outdoors Master","Tent_021","Tent_021_2.png","2","","",""
"Mystic Outdoors Master","Tent_021","Tent_021_7.png","1","","",""
"Mystic Outdoors Master","Tent_020","Tent_020_1.png","3","","",""
"Mystic Outdoors Master","Tent_020","Tent_020_2.png","2","","",""
"Mystic Outdoors Master","Tent_020","Tent_020_3.png","1","","",""
"Mystic Outdoors Master","Tent_019","MSRTent3_1.png","3","","",""
"Mystic Outdoors Master","Tent_019","MSRTent2_1.png","2","","",""
"Mystic Outdoors Master","Tent_019","MSRTent1_1.png","1","","",""
"Mystic Outdoors Master","Tent_018","Tent_018_2.png","5","","",""
"Mystic Outdoors Master","Tent_018","Tent_018_4.png","4","","",""
"Mystic Outdoors Master","Tent_018","Tent_018_1.png","3","","",""
"Mystic Outdoors Master","Tent_018","Tent_018_5.png","2","","",""
"Mystic Outdoors Master","Tent_018","Tent_018_3.png","1","","",""
"Mystic Outdoors Master","Tent_017","Tent_017_2.png","4","","",""
"Mystic Outdoors Master","Tent_017","Tent_017_1.png","3","","",""
"Mystic Outdoors Master","Tent_017","Tent_017_4.png","2","","",""
"Mystic Outdoors Master","Tent_017","Tent_017_3.png","1","","",""
"Mystic Outdoors Master","Tent_016","Tent_016_1.png","2","","",""
"Mystic Outdoors Master","Tent_016","Tent_016_2.png","1","","",""
"Mystic Outdoors Master","Tent_015","Tent_015_3.png","6","","",""
"Mystic Outdoors Master","Tent_015","Tent_015_4.png","5","","",""
"Mystic Outdoors Master","Tent_015","Tent_015_1.png","4","","",""
"Mystic Outdoors Master","Tent_015","Tent_015_2.png","3","","",""
"Mystic Outdoors Master","Tent_015","Tent_015_5.png","2","","",""
"Mystic Outdoors Master","Tent_015","Tent_015_6.png","1","","",""
"Mystic Outdoors Master","TentAcc_018","TentAcc_018_1.png","1","","",""
"Mystic Outdoors Master","TentAcc_017","TentAcc_017_1.png","1","","",""
"Mystic Outdoors Master","TentAcc_016","TentAcc_016_1.png","1","","",""
"Mystic Outdoors Master","TentAcc_007","TentAcc_007_1.png","1","","",""
"Mystic Outdoors Master","TentAcc_006","TentAcc_006_1.png","1","","",""
"Mystic Outdoors Master","TentAcc_005","TentAcc_005_2.png","2","","",""
"Mystic Outdoors Master","TentAcc_005","TentAcc_005_1.png","1","","",""
"Mystic Outdoors Master","TentAcc_004","TentAcc_004_2.png","2","","",""
"Mystic Outdoors Master","TentAcc_004","TentAcc_004_1.png","1","","",""
"Mystic Outdoors Master","TentAcc_002","TentAcc_002.png","1","","",""
"Mystic Outdoors Master","Tent_006","Tent_006_2.png","2","","",""
"Mystic Outdoors Master","Tent_006","Tent_006_1.png","1","","",""
"Mystic Outdoors Master","Tent_005","Tent_005_1.png","1","","",""
"Mystic Outdoors Master","Tent_004","Tent_004_5.png","8","","",""
"Mystic Outdoors Master","Tent_004","Tent_004_4.png","7","","",""
"Mystic Outdoors Master","Tent_004","Tent_004_6.png","6","","",""
"Mystic Outdoors Master","Tent_004","Tent_004_2.png","5","","",""
"Mystic Outdoors Master","Tent_004","Tent_004_3.png","4","","",""
"Mystic Outdoors Master","Tent_004","Tent_004_8.png","3","","",""
"Mystic Outdoors Master","Tent_004","Tent_004_7.png","2","","",""
"Mystic Outdoors Master","Tent_004","Tent_004_1.png","1","","",""
"Mystic Outdoors Master","Tent_003","Tent_003_1.png","8","","",""
"Mystic Outdoors Master","Tent_003","Tent_003_6.png","7","","",""
"Mystic Outdoors Master","Tent_003","Tent_003_8.png","6","","",""
"Mystic Outdoors Master","Tent_003","Tent_003_3.png","5","","",""
"Mystic Outdoors Master","Tent_003","Tent_003_4.png","4","","",""
"Mystic Outdoors Master","Tent_003","Tent_003_7.png","3","","",""
"Mystic Outdoors Master","Tent_003","Tent_003_2.png","2","","",""
"Mystic Outdoors Master","Tent_003","Tent_003_5.png","1","","",""
"Mystic Outdoors Master","Sock_001","Socks_001.1.png","2","","",""
"Mystic Outdoors Master","Sock_001","Socks_001.2.png","1","","",""
"Mystic Outdoors Master","SleepPad_021","sleeppad021_1.jpeg","1","","",""
"Mystic Outdoors Master","SleepPad_020","sleeppaad020_2.png","2","","",""
"Mystic Outdoors Master","SleepPad_020","sleeppad020_1.png","1","","",""
"Mystic Outdoors Master","Watch_Sport0002","Watch_Sport00026.jpg","6","","",""
"Mystic Outdoors Master","Watch_Sport0002","Watch_Sport00025.jpg","5","","",""
"Mystic Outdoors Master","Watch_Sport0002","Watch_Sport00024.jpg","4","","",""
"Mystic Outdoors Master","Watch_Sport0002","Watch_Sport00023.jpg","3","","",""
"Mystic Outdoors Master","Watch_Sport0002","Watch_Sport00022.jpg","2","","",""
"Mystic Outdoors Master","Watch_Sport0002","Watch_Sport00021.jpg","1","","",""
"Mystic Outdoors Master","Watch_Sport0001","Watch_Sport00016.jpg","6","","",""
"Mystic Outdoors Master","Watch_Sport0001","Watch_Sport00015.jpg","5","","",""
"Mystic Outdoors Master","Watch_Sport0001","Watch_Sport00014.jpg","4","","",""
"Mystic Outdoors Master","Watch_Sport0001","Watch_Sport00013.jpg","3","","",""
"Mystic Outdoors Master","Watch_Sport0001","Watch_Sport00012.jpg","2","","",""
"Mystic Outdoors Master","Watch_Sport0001","Watch_Sport00011.jpg","1","","",""
"Mystic Outdoors Master","TravAcc_007","TravAcc_007.1.png","1","","",""
"Mystic Outdoors Master","TravAcc_006","TravAcc_006.1.png","1","","",""
"Mystic Outdoors Master","TravAcc_005","TravAcc_005.1.png","1","","",""
"Mystic Outdoors Master","TravAcc_004","TravAcc_004.5.png","5","","",""
"Mystic Outdoors Master","TravAcc_004","TravAcc_004.4.png","4","","",""
"Mystic Outdoors Master","TravAcc_004","TravAcc_004.3.png","3","","",""
"Mystic Outdoors Master","TravAcc_004","TravAcc_004.2.png","2","","",""
"Mystic Outdoors Master","TravAcc_004","TravAcc_004.1.png","1","","",""
"Mystic Outdoors Master","TravAcc_003","TravAcc_003.3.png","3","","",""
"Mystic Outdoors Master","TravAcc_003","TravAcc_003.2.png","2","","",""
"Mystic Outdoors Master","TravAcc_003","TravAcc_003.1.png","1","","",""
"Mystic Outdoors Master","TravAcc_002","TravAcc_002.5.png","5","","",""
"Mystic Outdoors Master","TravAcc_002","TravAcc_002.4.png","4","","",""
"Mystic Outdoors Master","TravAcc_002","TravAcc_002.3.png","3","","",""
"Mystic Outdoors Master","TravAcc_002","TravAcc_002.2.png","2","","",""
"Mystic Outdoors Master","TravAcc_002","TravAcc_002.1.png","1","","",""
"Mystic Outdoors Master","TravAcc_001","TravAcc_001.1.png","1","","",""
"Mystic Outdoors Master","TentAcc_020","TentAcc_019.png","1","","",""
"Mystic Outdoors Master","Tent_027","Tent_027_2.png","2","","",""
"Mystic Outdoors Master","Tent_027","Tent_027_1.png","1","","",""
"Mystic Outdoors Master","Tent_026","Tent_026_9.png","9","","",""
"Mystic Outdoors Master","Tent_026","Tent_026_5.png","8","","",""
"Mystic Outdoors Master","Tent_026","Tent_026_4.png","7","","",""
"Mystic Outdoors Master","Tent_026","Tent_026_3.png","6","","",""
"Mystic Outdoors Master","Tent_026","Tent_026_7.png","5","","",""
"Mystic Outdoors Master","Tent_026","Tent_026_8.png","4","","",""
"Mystic Outdoors Master","Tent_026","Tent_026_2.png","3","","",""
"Mystic Outdoors Master","Tent_026","Tent_026_6.png","2","","",""
"Mystic Outdoors Master","Tent_026","Tent_026_1.png","1","","",""
"Mystic Outdoors Master","Sock_011","Socks_011.4.png","4","","",""
"Mystic Outdoors Master","Sock_011","Socks_011.3.png","3","","",""
"Mystic Outdoors Master","Sock_011","Socks_011.2.png","2","","",""
"Mystic Outdoors Master","Sock_011","Socks_011.1.png","1","","",""
"Mystic Outdoors Master","Sock_010","Socks_010.3.png","3","","",""
"Mystic Outdoors Master","Sock_010","Socks_010.2.png","2","","",""
"Mystic Outdoors Master","Sock_010","Socks_010.1.png","1","","",""
"Mystic Outdoors Master","Sock_009","Socks_009.3.png","3","","",""
"Mystic Outdoors Master","Sock_009","Socks_009.2.png","2","","",""
"Mystic Outdoors Master","Sock_009","Socks_009.1.png","1","","",""
"Mystic Outdoors Master","Sock_008","Socks_008.5.png","5","","",""
"Mystic Outdoors Master","Sock_008","Socks_008.4.png","4","","",""
"Mystic Outdoors Master","Sock_008","Socks_008.3.png","3","","",""
"Mystic Outdoors Master","Sock_008","Socks_008.2.png","2","","",""
"Mystic Outdoors Master","Sock_008","Socks_008.1.png","1","","",""
"Mystic Outdoors Master","Sock_007","Socks_007.9.png","10","","",""
"Mystic Outdoors Master","Sock_007","Socks_007.8.png","9","","",""
"Mystic Outdoors Master","Sock_007","Socks_007.7.png","8","","",""
"Mystic Outdoors Master","Sock_007","Socks_007.6.png","7","","",""
"Mystic Outdoors Master","Sock_007","Socks_007.10.png","6","","",""
"Mystic Outdoors Master","Sock_007","Socks_007.1.png","5","","",""
"Mystic Outdoors Master","Sock_007","Socks_007.2.png","4","","",""
"Mystic Outdoors Master","Sock_007","Socks_007.3.png","3","","",""
"Mystic Outdoors Master","Sock_007","Socks_007.5.png","2","","",""
"Mystic Outdoors Master","Sock_007","Socks_007.4.png","1","","",""
"Mystic Outdoors Master","Sock_006","Socks_006.12.png","11","","",""
"Mystic Outdoors Master","Sock_006","Socks_006.10.png","10","","",""
"Mystic Outdoors Master","Sock_006","Socks_006.9.png","9","","",""
"Mystic Outdoors Master","Sock_006","Socks_006.8.png","8","","",""
"Mystic Outdoors Master","Sock_006","Socks_006.7.png","7","","",""
"Mystic Outdoors Master","Sock_006","Socks_006.6.png","6","","",""
"Mystic Outdoors Master","Sock_006","Socks_006.5.png","5","","",""
"Mystic Outdoors Master","Sock_006","Socks_006.4.png","4","","",""
"Mystic Outdoors Master","Sock_006","Socks_006.3.png","3","","",""
"Mystic Outdoors Master","Sock_006","Socks_006.2.png","2","","",""
"Mystic Outdoors Master","Sock_006","Socks_006.1.png","1","","",""
"Mystic Outdoors Master","Sock_005","Socks_005.2.png","2","","",""
"Mystic Outdoors Master","Sock_005","Socks_005.1.png","1","","",""
"Mystic Outdoors Master","Sock_004","Socks_004.3.png","3","","",""
"Mystic Outdoors Master","Sock_004","Socks_004.2.png","2","","",""
"Mystic Outdoors Master","Sock_004","Socks_004.1.png","1","","",""
"Mystic Outdoors Master","Sock_003","Socks_003.4.png","4","","",""
"Mystic Outdoors Master","Sock_003","Socks_003.3.png","3","","",""
"Mystic Outdoors Master","Sock_003","Socks_003.2.png","2","","",""
"Mystic Outdoors Master","Sock_003","Socks_003.1.png","1","","",""
"Mystic Outdoors Master","Sock_002","Socks_002.2.png","2","","",""
"Mystic Outdoors Master","Sock_002","Socks_002.1.png","1","","",""
"Mystic Outdoors Master","Tent_014","Tent_014_2.png","2","","",""
"Mystic Outdoors Master","Tent_014","Tent_014_1.png","1","","",""
"Mystic Outdoors Master","Tent_013","Tent_013_3.png","4","","",""
"Mystic Outdoors Master","Tent_013","Tent_013_1.png","3","","",""
"Mystic Outdoors Master","Tent_013","Tent_013_4.png","2","","",""
"Mystic Outdoors Master","Tent_013","Tent_013_2.png","1","","",""
"Mystic Outdoors Master","Tent_012","Tent_012_4.png","5","","",""
"Mystic Outdoors Master","Tent_012","Tent_012_1.png","4","","",""
"Mystic Outdoors Master","Tent_012","Tent_012_3.png","3","","",""
"Mystic Outdoors Master","Tent_012","Tent_012_2.png","2","","",""
"Mystic Outdoors Master","Tent_012","Tent_012_5.png","1","","",""
"Mystic Outdoors Master","Tent_011","Tent_011_3.png","3","","",""
"Mystic Outdoors Master","Tent_011","Tent_011_2.png","2","","",""
"Mystic Outdoors Master","Tent_011","Tent_011_1.png","1","","",""
"Mystic Outdoors Master","Tent_010","Tent_010_1.png","3","","",""
"Mystic Outdoors Master","Tent_010","Tent_010_2.png","2","","",""
"Mystic Outdoors Master","Tent_010","Tent_010_3.png","1","","",""
"Mystic Outdoors Master","Tent_009","Tent_009_1.png","3","","",""
"Mystic Outdoors Master","Tent_009","Tent_009_2.png","2","","",""
"Mystic Outdoors Master","Tent_009","Tent_009_3.png","1","","",""
"Mystic Outdoors Master","Tent_007","Tent_007_3.png","5","","",""
"Mystic Outdoors Master","Tent_007","Tent_007_4.png","4","","",""
"Mystic Outdoors Master","Tent_007","Tent_007_2.png","3","","",""
"Mystic Outdoors Master","Tent_007","Tent_007_5.png","2","","",""
"Mystic Outdoors Master","Tent_007","Tent_007_1.png","1","","",""
