"MasterCatalogName","ProductType","AttributeCode","Type","IsRequiredByAdmin","IsHiddenProperty","IsMultiValueProperty","Order"
"Mystic Outdoors Master","Base","season","Property","No","No","No","0"
"Mystic Outdoors Master","Base","best-use","Property","No","No","No","1"
"Mystic Outdoors Master","Base","brand","Property","No","No","No","1"
"Mystic Outdoors Master","Base","popularity","Property","No","No","No","2"
"Mystic Outdoors Master","Base","product-crosssell","Property","No","No","No","2"
"Mystic Outdoors Master","Base","rating","Property","No","No","No","2"
"Mystic Outdoors Master","Base","product-related","Property","No","No","No","3"
"Mystic Outdoors Master","Base","product-upsell","Property","No","No","No","3"
"Mystic Outdoors Master","Base","availability","Property","No","No","No","10"
"Mystic Outdoors Master","Tents","availability","Property","No","No","No","-2147483648"
"Mystic Outdoors Master","Tents","popularity","Property","No","No","No","-2147483648"
"Mystic Outdoors Master","Tents","product-crosssell","Property","No","No","No","-2147483648"
"Mystic Outdoors Master","Tents","product-related","Property","No","No","No","-2147483648"
"Mystic Outdoors Master","Tents","product-upsell","Property","No","No","No","-2147483648"
"Mystic Outdoors Master","Tents","best-use","Property","No","No","No","-2147483648"
"Mystic Outdoors Master","Tents","brand","Property","No","No","No","-2147483648"
"Mystic Outdoors Master","Tents","rating","Property","No","No","No","-2147483648"
"Mystic Outdoors Master","Tents","season","Property","No","No","No","-2147483648"
"Mystic Outdoors Master","Tents","tent-type","Property","No","No","Yes","0"
"Mystic Outdoors Master","Tents","pole-diameter-mm-","Property","No","No","No","1"
"Mystic Outdoors Master","Tents","brand-colors","Property","No","No","No","1"
"Mystic Outdoors Master","Tents","faset-color","Property","No","No","No","2"
"Mystic Outdoors Master","Tents","pole-material","Property","No","No","No","3"
"Mystic Outdoors Master","Tents","features","Property","No","No","No","4"
"Mystic Outdoors Master","Tents","floor-area-sq-ft-","Property","No","No","No","5"
"Mystic Outdoors Master","Tents","minimum-trail-weight-lbs","Property","No","No","No","6"
"Mystic Outdoors Master","Tents","number-of-doors","Property","No","No","No","7"
"Mystic Outdoors Master","Tents","number-of-poles","Property","No","No","No","8"
"Mystic Outdoors Master","Tents","seasons","Property","No","No","No","9"
"Mystic Outdoors Master","Tents","sleeping-capacity","Property","No","No","No","10"
"Mystic Outdoors Master","Tents","vestibule-area-sq-ft-","Property","No","No","No","11"
"Mystic Outdoors Master","Backpacks","availability","Property","No","No","No","-2147483648"
"Mystic Outdoors Master","Backpacks","popularity","Property","No","No","No","-2147483648"
"Mystic Outdoors Master","Backpacks","product-crosssell","Property","No","No","No","-2147483648"
"Mystic Outdoors Master","Backpacks","product-related","Property","No","No","No","-2147483648"
"Mystic Outdoors Master","Backpacks","product-upsell","Property","No","No","No","-2147483648"
"Mystic Outdoors Master","Backpacks","best-use","Property","No","No","No","-2147483648"
"Mystic Outdoors Master","Backpacks","brand","Property","No","No","No","-2147483648"
"Mystic Outdoors Master","Backpacks","rating","Property","No","No","No","-2147483648"
"Mystic Outdoors Master","Backpacks","season","Property","No","No","No","-2147483648"
"Mystic Outdoors Master","Backpacks","bag-style","Property","No","No","No","1"
"Mystic Outdoors Master","Backpacks","brand-colors","Property","No","No","No","2"
"Mystic Outdoors Master","Backpacks","faset-color","Property","No","No","No","3"
"Mystic Outdoors Master","Backpacks","frame-type","Property","No","No","No","4"
"Mystic Outdoors Master","Backpacks","gender","Property","No","No","No","5"
"Mystic Outdoors Master","Backpacks","hydration-compatible","Property","No","No","No","6"
"Mystic Outdoors Master","Backpacks","liquid-capacity-fl.-oz.-","Property","No","No","No","7"
"Mystic Outdoors Master","Backpacks","material","Property","No","No","No","8"
"Mystic Outdoors Master","Backpacks","number-of-exterior-pockets","Property","No","No","No","9"
"Mystic Outdoors Master","Backpacks","pack-loading","Property","No","No","No","10"
"Mystic Outdoors Master","Backpacks","size","Property","No","No","No","11"
"Mystic Outdoors Master","Backpacks","sleeping-bag-compartment","Property","No","No","No","12"
"Mystic Outdoors Master","Backpacks","trip-length-capacity","Property","No","No","Yes","13"
"Mystic Outdoors Master","Backpacks","features","Property","No","No","Yes","14"
"Mystic Outdoors Master","Backpacks","brand-colors","Option","No","No","No","1"
"Mystic Outdoors Master","Backpacks","faset-color","Option","No","No","No","2"
"Mystic Outdoors Master","Backpacks","gear-capacity","Option","No","No","No","3"
"Mystic Outdoors Master","Backpacks","gender","Option","No","No","No","4"
"Mystic Outdoors Master","Backpacks","size","Option","No","No","No","5"
"Mystic Outdoors Master","Hats","availability","Property","No","No","No","-2147483648"
"Mystic Outdoors Master","Hats","popularity","Property","No","No","No","-2147483648"
"Mystic Outdoors Master","Hats","product-crosssell","Property","No","No","No","-2147483648"
"Mystic Outdoors Master","Hats","product-related","Property","No","No","No","-2147483648"
"Mystic Outdoors Master","Hats","product-upsell","Property","No","No","No","-2147483648"
"Mystic Outdoors Master","Hats","best-use","Property","No","No","No","-2147483648"
"Mystic Outdoors Master","Hats","brand","Property","No","No","No","-2147483648"
"Mystic Outdoors Master","Hats","rating","Property","No","No","No","-2147483648"
"Mystic Outdoors Master","Hats","season","Property","No","No","No","-2147483648"
"Mystic Outdoors Master","Hats","brand-colors","Property","No","No","No","1"
"Mystic Outdoors Master","Hats","fabric-type","Property","No","No","No","2"
"Mystic Outdoors Master","Hats","faset-color","Property","No","No","No","3"
"Mystic Outdoors Master","Hats","gender","Property","No","No","No","4"
"Mystic Outdoors Master","Hats","size","Property","No","No","No","5"
"Mystic Outdoors Master","Hats","visor","Property","No","No","No","6"
"Mystic Outdoors Master","Hats","hat-style","Property","No","No","No","7"
"Mystic Outdoors Master","Hats","brand-colors","Option","No","No","No","1"
"Mystic Outdoors Master","Hats","size","Option","No","No","No","2"
"Mystic Outdoors Master","Sunglasses","availability","Property","No","No","No","-2147483648"
"Mystic Outdoors Master","Sunglasses","popularity","Property","No","No","No","-2147483648"
"Mystic Outdoors Master","Sunglasses","product-crosssell","Property","No","No","No","-2147483648"
"Mystic Outdoors Master","Sunglasses","product-related","Property","No","No","No","-2147483648"
"Mystic Outdoors Master","Sunglasses","product-upsell","Property","No","No","No","-2147483648"
"Mystic Outdoors Master","Sunglasses","best-use","Property","No","No","No","-2147483648"
"Mystic Outdoors Master","Sunglasses","brand","Property","No","No","No","-2147483648"
"Mystic Outdoors Master","Sunglasses","rating","Property","No","No","No","-2147483648"
"Mystic Outdoors Master","Sunglasses","season","Property","No","No","No","-2147483648"
"Mystic Outdoors Master","Sunglasses","polarized","Property","No","No","No","1"
"Mystic Outdoors Master","Sunglasses","lens-material","Property","No","No","No","1"
"Mystic Outdoors Master","Sunglasses","frame-color","Property","No","No","No","2"
"Mystic Outdoors Master","Sunglasses","lens-color","Property","No","No","No","3"
"Mystic Outdoors Master","Sunglasses","uv-protection","Property","No","No","No","4"
"Mystic Outdoors Master","Sunglasses","frame-color","Option","No","No","No","1"
"Mystic Outdoors Master","Sunglasses","lens-color","Option","No","No","No","2"
"Mystic Outdoors Master","Gloves","availability","Property","No","No","No","-2147483648"
"Mystic Outdoors Master","Gloves","popularity","Property","No","No","No","-2147483648"
"Mystic Outdoors Master","Gloves","product-crosssell","Property","No","No","No","-2147483648"
"Mystic Outdoors Master","Gloves","product-related","Property","No","No","No","-2147483648"
"Mystic Outdoors Master","Gloves","product-upsell","Property","No","No","No","-2147483648"
"Mystic Outdoors Master","Gloves","best-use","Property","No","No","No","-2147483648"
"Mystic Outdoors Master","Gloves","brand","Property","No","No","No","-2147483648"
"Mystic Outdoors Master","Gloves","rating","Property","No","No","No","-2147483648"
"Mystic Outdoors Master","Gloves","season","Property","No","No","No","-2147483648"
"Mystic Outdoors Master","Gloves","brand-colors","Property","No","No","No","1"
"Mystic Outdoors Master","Gloves","palm-material","Property","No","No","No","1"
"Mystic Outdoors Master","Gloves","faset-color","Property","No","No","No","2"
"Mystic Outdoors Master","Gloves","gender","Property","No","No","No","3"
"Mystic Outdoors Master","Gloves","glove-type","Property","No","No","No","4"
"Mystic Outdoors Master","Gloves","waterproof","Property","No","No","No","5"
"Mystic Outdoors Master","Gloves","brand-colors","Option","No","No","No","1"
"Mystic Outdoors Master","Gloves","size","Option","No","No","No","2"
"Mystic Outdoors Master","Dog Accessories","availability","Property","No","No","No","-2147483648"
"Mystic Outdoors Master","Dog Accessories","popularity","Property","No","No","No","-2147483648"
"Mystic Outdoors Master","Dog Accessories","product-crosssell","Property","No","No","No","-2147483648"
"Mystic Outdoors Master","Dog Accessories","product-related","Property","No","No","No","-2147483648"
"Mystic Outdoors Master","Dog Accessories","product-upsell","Property","No","No","No","-2147483648"
"Mystic Outdoors Master","Dog Accessories","best-use","Property","No","No","No","-2147483648"
"Mystic Outdoors Master","Dog Accessories","brand","Property","No","No","No","-2147483648"
"Mystic Outdoors Master","Dog Accessories","rating","Property","No","No","No","-2147483648"
"Mystic Outdoors Master","Dog Accessories","season","Property","No","No","No","-2147483648"
"Mystic Outdoors Master","Dog Accessories","material","Property","No","No","No","1"
"Mystic Outdoors Master","Dog Accessories","brand-colors","Property","No","No","No","1"
"Mystic Outdoors Master","Dog Accessories","brand-colors","Option","No","No","No","1"
"Mystic Outdoors Master","Dog Accessories","size","Option","No","No","No","2"
"Mystic Outdoors Master","Hiking Footwear","availability","Property","No","No","No","-2147483648"
"Mystic Outdoors Master","Hiking Footwear","popularity","Property","No","No","No","-2147483648"
"Mystic Outdoors Master","Hiking Footwear","product-crosssell","Property","No","No","No","-2147483648"
"Mystic Outdoors Master","Hiking Footwear","product-related","Property","No","No","No","-2147483648"
"Mystic Outdoors Master","Hiking Footwear","product-upsell","Property","No","No","No","-2147483648"
"Mystic Outdoors Master","Hiking Footwear","best-use","Property","No","No","No","-2147483648"
"Mystic Outdoors Master","Hiking Footwear","brand","Property","No","No","No","-2147483648"
"Mystic Outdoors Master","Hiking Footwear","rating","Property","No","No","No","-2147483648"
"Mystic Outdoors Master","Hiking Footwear","season","Property","No","No","No","-2147483648"
"Mystic Outdoors Master","Hiking Footwear","gender","Property","No","No","No","1"
"Mystic Outdoors Master","Hiking Footwear","brand-colors","Property","No","No","No","2"
"Mystic Outdoors Master","Hiking Footwear","waterproof","Property","No","No","No","2"
"Mystic Outdoors Master","Hiking Footwear","footwear-height","Property","No","No","No","3"
"Mystic Outdoors Master","Hiking Footwear","features","Property","No","No","Yes","4"
"Mystic Outdoors Master","Hiking Footwear","footwear-closure","Property","No","No","No","5"
"Mystic Outdoors Master","Hiking Footwear","brand-colors","Option","No","No","No","1"
"Mystic Outdoors Master","Hiking Footwear","shoe-size","Option","No","No","No","2"
"Mystic Outdoors Master","Tent Accessories","availability","Property","No","No","No","-2147483648"
"Mystic Outdoors Master","Tent Accessories","popularity","Property","No","No","No","-2147483648"
"Mystic Outdoors Master","Tent Accessories","product-crosssell","Property","No","No","No","-2147483648"
"Mystic Outdoors Master","Tent Accessories","product-related","Property","No","No","No","-2147483648"
"Mystic Outdoors Master","Tent Accessories","product-upsell","Property","No","No","No","-2147483648"
"Mystic Outdoors Master","Tent Accessories","best-use","Property","No","No","No","-2147483648"
"Mystic Outdoors Master","Tent Accessories","brand","Property","No","No","No","-2147483648"
"Mystic Outdoors Master","Tent Accessories","rating","Property","No","No","No","-2147483648"
"Mystic Outdoors Master","Tent Accessories","season","Property","No","No","No","-2147483648"
"Mystic Outdoors Master","Tent Accessories","brand-colors","Property","No","No","No","1"
"Mystic Outdoors Master","Tent Accessories","floor-area-sq-ft-","Property","No","No","No","2"
"Mystic Outdoors Master","Tent Accessories","material","Property","No","No","No","3"
"Mystic Outdoors Master","Tent Accessories","weight","Property","No","No","No","4"
"Mystic Outdoors Master","Tent Accessories","minimum-trail-weight-lbs","Property","No","No","No","5"
"Mystic Outdoors Master","Sleeping Bag","availability","Property","No","No","No","-2147483648"
"Mystic Outdoors Master","Sleeping Bag","popularity","Property","No","No","No","-2147483648"
"Mystic Outdoors Master","Sleeping Bag","product-crosssell","Property","No","No","No","-2147483648"
"Mystic Outdoors Master","Sleeping Bag","product-related","Property","No","No","No","-2147483648"
"Mystic Outdoors Master","Sleeping Bag","product-upsell","Property","No","No","No","-2147483648"
"Mystic Outdoors Master","Sleeping Bag","best-use","Property","No","No","No","-2147483648"
"Mystic Outdoors Master","Sleeping Bag","brand","Property","No","No","No","-2147483648"
"Mystic Outdoors Master","Sleeping Bag","rating","Property","No","No","No","-2147483648"
"Mystic Outdoors Master","Sleeping Bag","season","Property","No","No","No","-2147483648"
"Mystic Outdoors Master","Sleeping Bag","gender","Property","No","No","No","1"
"Mystic Outdoors Master","Sleeping Bag","sleeping-bag-shape","Property","No","No","No","2"
"Mystic Outdoors Master","Sleeping Bag","insulation-type","Property","No","No","No","3"
"Mystic Outdoors Master","Sleeping Bag","temperature-rating","Property","No","No","No","4"
"Mystic Outdoors Master","Sleeping Bag","weight","Property","No","No","No","5"
"Mystic Outdoors Master","Sleeping Bag","zipper-location","Property","No","No","No","6"
"Mystic Outdoors Master","Sleeping Bag","fits-up-to","Property","No","No","No","7"
"Mystic Outdoors Master","Sleeping Bag","length","Option","No","No","No","1"
"Mystic Outdoors Master","Sleeping Pad","availability","Property","No","No","No","-2147483648"
"Mystic Outdoors Master","Sleeping Pad","popularity","Property","No","No","No","-2147483648"
"Mystic Outdoors Master","Sleeping Pad","product-crosssell","Property","No","No","No","-2147483648"
"Mystic Outdoors Master","Sleeping Pad","product-related","Property","No","No","No","-2147483648"
"Mystic Outdoors Master","Sleeping Pad","product-upsell","Property","No","No","No","-2147483648"
"Mystic Outdoors Master","Sleeping Pad","best-use","Property","No","No","No","-2147483648"
"Mystic Outdoors Master","Sleeping Pad","brand","Property","No","No","No","-2147483648"
"Mystic Outdoors Master","Sleeping Pad","rating","Property","No","No","No","-2147483648"
"Mystic Outdoors Master","Sleeping Pad","season","Property","No","No","No","-2147483648"
"Mystic Outdoors Master","Sleeping Pad","insulation-type","Property","No","No","No","1"
"Mystic Outdoors Master","Sleeping Pad","sleeping-bag-shape","Property","No","No","No","2"
"Mystic Outdoors Master","Sleeping Pad","pad-thickness","Property","No","No","No","3"
"Mystic Outdoors Master","Sleeping Pad","weight","Property","No","No","No","4"
"Mystic Outdoors Master","Sleeping Pad","gender","Property","No","No","No","5"
"Mystic Outdoors Master","Sleeping Pad","r-value","Property","No","No","No","6"
"Mystic Outdoors Master","Sleeping Pad","length","Option","No","No","No","1"
"Mystic Outdoors Master","Hammock","availability","Property","No","No","No","-2147483648"
"Mystic Outdoors Master","Hammock","popularity","Property","No","No","No","-2147483648"
"Mystic Outdoors Master","Hammock","product-crosssell","Property","No","No","No","-2147483648"
"Mystic Outdoors Master","Hammock","product-related","Property","No","No","No","-2147483648"
"Mystic Outdoors Master","Hammock","product-upsell","Property","No","No","No","-2147483648"
"Mystic Outdoors Master","Hammock","best-use","Property","No","No","No","-2147483648"
"Mystic Outdoors Master","Hammock","brand","Property","No","No","No","-2147483648"
"Mystic Outdoors Master","Hammock","rating","Property","No","No","No","-2147483648"
"Mystic Outdoors Master","Hammock","season","Property","No","No","No","-2147483648"
"Mystic Outdoors Master","Hammock","seasons","Property","No","No","No","1"
"Mystic Outdoors Master","Hammock","material","Property","No","No","No","2"
"Mystic Outdoors Master","Hammock","features","Property","No","No","Yes","2"
"Mystic Outdoors Master","Hammock","sleeping-capacity","Property","No","No","No","3"
"Mystic Outdoors Master","Hammock","weight","Property","No","No","No","4"
"Mystic Outdoors Master","Hammock","weight-capacity-lbs-","Property","No","No","No","5"
"Mystic Outdoors Master","Hammock","brand-colors","Option","No","No","No","1"
"Mystic Outdoors Master","Socks","availability","Property","No","No","No","-2147483648"
"Mystic Outdoors Master","Socks","popularity","Property","No","No","No","-2147483648"
"Mystic Outdoors Master","Socks","product-crosssell","Property","No","No","No","-2147483648"
"Mystic Outdoors Master","Socks","product-related","Property","No","No","No","-2147483648"
"Mystic Outdoors Master","Socks","product-upsell","Property","No","No","No","-2147483648"
"Mystic Outdoors Master","Socks","best-use","Property","No","No","No","-2147483648"
"Mystic Outdoors Master","Socks","brand","Property","No","No","No","-2147483648"
"Mystic Outdoors Master","Socks","rating","Property","No","No","No","-2147483648"
"Mystic Outdoors Master","Socks","season","Property","No","No","No","-2147483648"
"Mystic Outdoors Master","Socks","fabric-type","Property","No","No","No","1"
"Mystic Outdoors Master","Socks","features","Property","No","No","Yes","2"
"Mystic Outdoors Master","Socks","sock-cushioning","Property","No","No","No","3"
"Mystic Outdoors Master","Socks","gender","Property","No","No","No","4"
"Mystic Outdoors Master","Socks","sock-height","Property","No","No","No","5"
"Mystic Outdoors Master","Socks","moisture-wicking","Property","No","No","No","6"
"Mystic Outdoors Master","Socks","brand-colors","Option","No","No","No","1"
"Mystic Outdoors Master","Socks","size","Option","No","No","No","2"
"Mystic Outdoors Master","Dry Bags","availability","Property","No","No","No","-2147483648"
"Mystic Outdoors Master","Dry Bags","popularity","Property","No","No","No","-2147483648"
"Mystic Outdoors Master","Dry Bags","product-crosssell","Property","No","No","No","-2147483648"
"Mystic Outdoors Master","Dry Bags","product-related","Property","No","No","No","-2147483648"
"Mystic Outdoors Master","Dry Bags","product-upsell","Property","No","No","No","-2147483648"
"Mystic Outdoors Master","Dry Bags","best-use","Property","No","No","No","-2147483648"
"Mystic Outdoors Master","Dry Bags","brand","Property","No","No","No","-2147483648"
"Mystic Outdoors Master","Dry Bags","rating","Property","No","No","No","-2147483648"
"Mystic Outdoors Master","Dry Bags","season","Property","No","No","No","-2147483648"
"Mystic Outdoors Master","Dry Bags","gear-capacity","Property","No","No","No","1"
"Mystic Outdoors Master","Dry Bags","material","Property","No","No","No","2"
"Mystic Outdoors Master","Dry Bags","brand-colors","Property","No","No","No","3"
"Mystic Outdoors Master","Dry Bags","dry-bag-shape","Property","No","No","No","4"
"Mystic Outdoors Master","Dry Bags","features","Property","No","No","Yes","5"
"Mystic Outdoors Master","Dry Bags","waterproof","Property","No","No","No","6"
"Mystic Outdoors Master","Dry Bags","brand-colors","Option","No","No","No","1"
"Mystic Outdoors Master","Travel Accessories","availability","Property","No","No","No","-2147483648"
"Mystic Outdoors Master","Travel Accessories","popularity","Property","No","No","No","-2147483648"
"Mystic Outdoors Master","Travel Accessories","product-crosssell","Property","No","No","No","-2147483648"
"Mystic Outdoors Master","Travel Accessories","product-related","Property","No","No","No","-2147483648"
"Mystic Outdoors Master","Travel Accessories","product-upsell","Property","No","No","No","-2147483648"
"Mystic Outdoors Master","Travel Accessories","best-use","Property","No","No","No","-2147483648"
"Mystic Outdoors Master","Travel Accessories","brand","Property","No","No","No","-2147483648"
"Mystic Outdoors Master","Travel Accessories","rating","Property","No","No","No","-2147483648"
"Mystic Outdoors Master","Travel Accessories","season","Property","No","No","No","-2147483648"
"Mystic Outdoors Master","Travel Accessories","material","Property","No","No","No","1"
"Mystic Outdoors Master","Travel Accessories","size","Property","No","No","No","2"
"Mystic Outdoors Master","Travel Accessories","brand-colors","Property","No","No","No","3"
"Mystic Outdoors Master","Travel Accessories","gear-capacity","Property","No","No","No","4"
"Mystic Outdoors Master","Travel Accessories","brand-colors","Option","No","No","No","1"
"Mystic Outdoors Master","Personal Flotation Devices","availability","Property","No","No","No","-2147483648"
"Mystic Outdoors Master","Personal Flotation Devices","popularity","Property","No","No","No","-2147483648"
"Mystic Outdoors Master","Personal Flotation Devices","product-crosssell","Property","No","No","No","-2147483648"
"Mystic Outdoors Master","Personal Flotation Devices","product-related","Property","No","No","No","-2147483648"
"Mystic Outdoors Master","Personal Flotation Devices","product-upsell","Property","No","No","No","-2147483648"
"Mystic Outdoors Master","Personal Flotation Devices","best-use","Property","No","No","No","-2147483648"
"Mystic Outdoors Master","Personal Flotation Devices","brand","Property","No","No","No","-2147483648"
"Mystic Outdoors Master","Personal Flotation Devices","rating","Property","No","No","No","-2147483648"
"Mystic Outdoors Master","Personal Flotation Devices","season","Property","No","No","No","-2147483648"
"Mystic Outdoors Master","Personal Flotation Devices","material","Property","No","No","No","1"
"Mystic Outdoors Master","Personal Flotation Devices","brand-colors","Property","No","No","No","2"
"Mystic Outdoors Master","Personal Flotation Devices","flotation","Property","No","No","Yes","3"
"Mystic Outdoors Master","Personal Flotation Devices","gender","Property","No","No","No","4"
"Mystic Outdoors Master","Personal Flotation Devices","size","Property","No","No","No","5"
"Mystic Outdoors Master","Personal Flotation Devices","lash-tab","Property","No","No","No","6"
"Mystic Outdoors Master","Personal Flotation Devices","uscg-classification","Property","No","No","No","7"
"Mystic Outdoors Master","Personal Flotation Devices","brand-colors","Option","No","No","No","1"
"Mystic Outdoors Master","Personal Flotation Devices","size","Option","No","No","No","2"
"Mystic Outdoors Master","Hiking Jacket","availability","Property","No","No","No","-2147483648"
"Mystic Outdoors Master","Hiking Jacket","popularity","Property","No","No","No","-2147483648"
"Mystic Outdoors Master","Hiking Jacket","product-crosssell","Property","No","No","No","-2147483648"
"Mystic Outdoors Master","Hiking Jacket","product-related","Property","No","No","No","-2147483648"
"Mystic Outdoors Master","Hiking Jacket","product-upsell","Property","No","No","No","-2147483648"
"Mystic Outdoors Master","Hiking Jacket","best-use","Property","No","No","No","-2147483648"
"Mystic Outdoors Master","Hiking Jacket","brand","Property","No","No","No","-2147483648"
"Mystic Outdoors Master","Hiking Jacket","rating","Property","No","No","No","-2147483648"
"Mystic Outdoors Master","Hiking Jacket","fabric-type","Property","No","No","No","0"
"Mystic Outdoors Master","Hiking Jacket","insulation-type","Property","No","No","No","0"
"Mystic Outdoors Master","Hiking Jacket","back-length","Property","No","No","No","0"
"Mystic Outdoors Master","Hiking Jacket","season","Property","No","No","No","0"
"Mystic Outdoors Master","Hiking Jacket","features","Property","No","No","Yes","2"
"Mystic Outdoors Master","Hiking Jacket","gender","Property","No","No","No","3"
"Mystic Outdoors Master","Hiking Jacket","brand-colors","Option","No","No","No","1"
"Mystic Outdoors Master","Hiking Jacket","size","Option","No","No","No","2"
"Mystic Outdoors Master","Hiking Shirt","availability","Property","No","No","No","-2147483648"
"Mystic Outdoors Master","Hiking Shirt","popularity","Property","No","No","No","-2147483648"
"Mystic Outdoors Master","Hiking Shirt","product-crosssell","Property","No","No","No","-2147483648"
"Mystic Outdoors Master","Hiking Shirt","product-related","Property","No","No","No","-2147483648"
"Mystic Outdoors Master","Hiking Shirt","product-upsell","Property","No","No","No","-2147483648"
"Mystic Outdoors Master","Hiking Shirt","best-use","Property","No","No","No","-2147483648"
"Mystic Outdoors Master","Hiking Shirt","brand","Property","No","No","No","-2147483648"
"Mystic Outdoors Master","Hiking Shirt","rating","Property","No","No","No","-2147483648"
"Mystic Outdoors Master","Hiking Shirt","season","Property","No","No","No","-2147483648"
"Mystic Outdoors Master","Hiking Shirt","brand-colors","Property","No","No","No","2"
"Mystic Outdoors Master","Hiking Shirt","fabric-type","Property","No","No","No","3"
"Mystic Outdoors Master","Hiking Shirt","shirt-style","Property","No","No","No","4"
"Mystic Outdoors Master","Hiking Shirt","features","Property","No","No","Yes","5"
"Mystic Outdoors Master","Hiking Shirt","gender","Property","No","No","No","6"
"Mystic Outdoors Master","Hiking Shirt","sleeve-length","Property","No","No","No","7"
"Mystic Outdoors Master","Hiking Shirt","brand-colors","Option","No","No","No","1"
"Mystic Outdoors Master","Hiking Shirt","size","Option","No","No","No","2"
"Mystic Outdoors Master","Hiking Pant","availability","Property","No","No","No","-2147483648"
"Mystic Outdoors Master","Hiking Pant","popularity","Property","No","No","No","-2147483648"
"Mystic Outdoors Master","Hiking Pant","product-crosssell","Property","No","No","No","-2147483648"
"Mystic Outdoors Master","Hiking Pant","product-related","Property","No","No","No","-2147483648"
"Mystic Outdoors Master","Hiking Pant","product-upsell","Property","No","No","No","-2147483648"
"Mystic Outdoors Master","Hiking Pant","best-use","Property","No","No","No","-2147483648"
"Mystic Outdoors Master","Hiking Pant","brand","Property","No","No","No","-2147483648"
"Mystic Outdoors Master","Hiking Pant","rating","Property","No","No","No","-2147483648"
"Mystic Outdoors Master","Hiking Pant","season","Property","No","No","No","-2147483648"
"Mystic Outdoors Master","Hiking Pant","inseam-in.-","Property","No","No","No","0"
"Mystic Outdoors Master","Hiking Pant","pant-rise","Property","No","No","No","0"
"Mystic Outdoors Master","Hiking Pant","brand-colors","Property","No","No","No","3"
"Mystic Outdoors Master","Hiking Pant","fabric-type","Property","No","No","No","4"
"Mystic Outdoors Master","Hiking Pant","features","Property","No","No","Yes","7"
"Mystic Outdoors Master","Hiking Pant","gender","Property","No","No","No","8"
"Mystic Outdoors Master","Hiking Pant","pant-size","Option","No","No","No","0"
"Mystic Outdoors Master","Hiking Pant","brand-colors","Option","No","No","No","1"
"Mystic Outdoors Master","Hiking Shorts","availability","Property","No","No","No","-2147483648"
"Mystic Outdoors Master","Hiking Shorts","popularity","Property","No","No","No","-2147483648"
"Mystic Outdoors Master","Hiking Shorts","product-crosssell","Property","No","No","No","-2147483648"
"Mystic Outdoors Master","Hiking Shorts","product-related","Property","No","No","No","-2147483648"
"Mystic Outdoors Master","Hiking Shorts","product-upsell","Property","No","No","No","-2147483648"
"Mystic Outdoors Master","Hiking Shorts","best-use","Property","No","No","No","-2147483648"
"Mystic Outdoors Master","Hiking Shorts","brand","Property","No","No","No","-2147483648"
"Mystic Outdoors Master","Hiking Shorts","rating","Property","No","No","No","-2147483648"
"Mystic Outdoors Master","Hiking Shorts","season","Property","No","No","No","-2147483648"
"Mystic Outdoors Master","Hiking Shorts","size","Property","No","No","No","0"
"Mystic Outdoors Master","Hiking Shorts","inseam-in.-","Property","No","No","No","1"
"Mystic Outdoors Master","Hiking Shorts","brand-colors","Property","No","No","No","3"
"Mystic Outdoors Master","Hiking Shorts","fabric-type","Property","No","No","No","4"
"Mystic Outdoors Master","Hiking Shorts","features","Property","No","No","Yes","5"
"Mystic Outdoors Master","Hiking Shorts","gender","Property","No","No","No","6"
"Mystic Outdoors Master","Hiking Shorts","brand-colors","Option","No","No","No","1"
"Mystic Outdoors Master","Hiking Shorts","size","Option","No","No","No","3"
"Mystic Outdoors Master","Hiking Vest","availability","Property","No","No","No","-2147483648"
"Mystic Outdoors Master","Hiking Vest","popularity","Property","No","No","No","-2147483648"
"Mystic Outdoors Master","Hiking Vest","product-crosssell","Property","No","No","No","-2147483648"
"Mystic Outdoors Master","Hiking Vest","product-related","Property","No","No","No","-2147483648"
"Mystic Outdoors Master","Hiking Vest","product-upsell","Property","No","No","No","-2147483648"
"Mystic Outdoors Master","Hiking Vest","best-use","Property","No","No","No","-2147483648"
"Mystic Outdoors Master","Hiking Vest","brand","Property","No","No","No","-2147483648"
"Mystic Outdoors Master","Hiking Vest","rating","Property","No","No","No","-2147483648"
"Mystic Outdoors Master","Hiking Vest","season","Property","No","No","No","-2147483648"
"Mystic Outdoors Master","Hiking Vest","insulated","Property","No","No","No","1"
"Mystic Outdoors Master","Hiking Vest","insulation-type","Property","No","No","No","2"
"Mystic Outdoors Master","Hiking Vest","features","Property","No","No","Yes","3"
"Mystic Outdoors Master","Hiking Vest","fill-power","Property","No","No","No","4"
"Mystic Outdoors Master","Hiking Vest","gender","Property","No","No","No","5"
"Mystic Outdoors Master","Hiking Vest","brand-colors","Option","No","No","No","1"
"Mystic Outdoors Master","Hiking Vest","size","Option","No","No","No","2"
"Mystic Outdoors Master","Watch","availability","Property","No","No","No","-2147483648"
"Mystic Outdoors Master","Watch","popularity","Property","No","No","No","-2147483648"
"Mystic Outdoors Master","Watch","product-crosssell","Property","No","No","No","-2147483648"
"Mystic Outdoors Master","Watch","product-related","Property","No","No","No","-2147483648"
"Mystic Outdoors Master","Watch","product-upsell","Property","No","No","No","-2147483648"
"Mystic Outdoors Master","Watch","best-use","Property","No","No","No","-2147483648"
"Mystic Outdoors Master","Watch","brand","Property","No","No","No","-2147483648"
"Mystic Outdoors Master","Watch","rating","Property","No","No","No","-2147483648"
"Mystic Outdoors Master","Watch","season","Property","No","No","No","-2147483648"
"Mystic Outdoors Master","Watch","customization","Property","No","No","Yes","2"
"Mystic Outdoors Master","Watch","gps-satellite-detectable","Property","No","No","No","3"
"Mystic Outdoors Master","Watch","interval-training","Property","No","No","No","5"
"Mystic Outdoors Master","Watch","pace-alert","Property","No","No","No","6"
"Mystic Outdoors Master","Watch","track-steps","Property","No","No","No","7"
"Mystic Outdoors Master","Watch","pedometer-type","Property","No","No","No","8"
"Mystic Outdoors Master","Watch","tracks-calories-burned","Property","No","No","No","9"
"Mystic Outdoors Master","Watch","sleep-tracking","Property","No","No","No","10"
"Mystic Outdoors Master","Watch","hrm-included-integrated","Property","No","No","No","11"
"Mystic Outdoors Master","Watch","heart-rate-sensor-type","Property","No","No","No","12"
"Mystic Outdoors Master","Watch","pool-lap-recognition","Property","No","No","No","13"
"Mystic Outdoors Master","Watch","stroke-recognition","Property","No","No","No","14"
"Mystic Outdoors Master","Watch","water-resistant-depth","Property","No","No","No","15"
"Mystic Outdoors Master","Watch","v02-max-estimate","Property","No","No","No","16"
"Mystic Outdoors Master","Watch","recovery-advising","Property","No","No","No","17"
"Mystic Outdoors Master","Watch","altimeter","Property","No","No","No","18"
"Mystic Outdoors Master","Watch","compass","Property","No","No","No","19"
"Mystic Outdoors Master","Watch","preloaded-map","Property","No","No","No","20"
"Mystic Outdoors Master","Watch","programmable-routes","Property","No","No","No","21"
"Mystic Outdoors Master","Watch","number-of-routes","Property","No","No","No","22"
"Mystic Outdoors Master","Watch","number-of-watpoints","Property","No","No","No","23"
"Mystic Outdoors Master","Watch","visual-map-display","Property","No","No","No","24"
"Mystic Outdoors Master","Watch","alarm","Property","No","No","No","25"
"Mystic Outdoors Master","Watch","stopwatch","Property","No","No","No","26"
"Mystic Outdoors Master","Watch","time-display","Property","No","No","No","27"
"Mystic Outdoors Master","Watch","illumination","Property","No","No","No","28"
"Mystic Outdoors Master","Watch","battery-type","Property","No","No","No","29"
"Mystic Outdoors Master","Watch","average-battery-life","Property","No","No","No","30"
"Mystic Outdoors Master","Watch","display-size","Property","No","No","No","31"
"Mystic Outdoors Master","Watch","smart-device-notifications","Property","No","No","No","32"
"Mystic Outdoors Master","Watch","compatible-fitness-accessories","Property","No","No","No","33"
"Mystic Outdoors Master","Watch","gender","Property","No","No","No","34"
"Mystic Outdoors Master","Watch","features","Property","No","No","Yes","40"
"Mystic Outdoors Master","Watch","average-heart-rate","Property","No","No","No","50"
"Mystic Outdoors Master","Watch","heart-rate-target-zone-s-","Property","No","No","No","50"
"Mystic Outdoors Master","Watch","watch-type","Property","No","No","Yes","50"
"Mystic Outdoors Master","Watch","waterproof","Property","No","No","No","50"
"Mystic Outdoors Master","Watch","faset-color","Property","No","No","Yes","198"
"Mystic Outdoors Master","Watch","brand-colors","Option","No","No","No","1"
"Mystic Outdoors Master","Health and Safety","availability","Property","No","No","No","-2147483648"
"Mystic Outdoors Master","Health and Safety","popularity","Property","No","No","No","-2147483648"
"Mystic Outdoors Master","Health and Safety","product-crosssell","Property","No","No","No","-2147483648"
"Mystic Outdoors Master","Health and Safety","product-related","Property","No","No","No","-2147483648"
"Mystic Outdoors Master","Health and Safety","product-upsell","Property","No","No","No","-2147483648"
"Mystic Outdoors Master","Health and Safety","best-use","Property","No","No","No","-2147483648"
"Mystic Outdoors Master","Health and Safety","brand","Property","No","No","No","-2147483648"
"Mystic Outdoors Master","Health and Safety","rating","Property","No","No","No","-2147483648"
"Mystic Outdoors Master","Health and Safety","season","Property","No","No","No","-2147483648"
"Mystic Outdoors Master","Health and Safety","brand-colors","Property","No","No","No","1"
"Mystic Outdoors Master","Health and Safety","features","Property","No","No","Yes","2"
"Mystic Outdoors Master","Power Device","availability","Property","No","No","No","-2147483648"
"Mystic Outdoors Master","Power Device","popularity","Property","No","No","No","-2147483648"
"Mystic Outdoors Master","Power Device","product-crosssell","Property","No","No","No","-2147483648"
"Mystic Outdoors Master","Power Device","product-related","Property","No","No","No","-2147483648"
"Mystic Outdoors Master","Power Device","product-upsell","Property","No","No","No","-2147483648"
"Mystic Outdoors Master","Power Device","best-use","Property","No","No","No","-2147483648"
"Mystic Outdoors Master","Power Device","brand","Property","No","No","No","-2147483648"
"Mystic Outdoors Master","Power Device","rating","Property","No","No","No","-2147483648"
"Mystic Outdoors Master","Power Device","season","Property","No","No","No","-2147483648"
"Mystic Outdoors Master","Power Device","charge-time-hrs-","Property","No","No","No","2"
"Mystic Outdoors Master","Power Device","external-charge","Property","No","No","Yes","3"
"Mystic Outdoors Master","Power Device","battery-included","Property","No","No","No","4"
"Mystic Outdoors Master","Power Device","battery-type","Property","No","No","No","5"
"Mystic Outdoors Master","Power Device","battery-storage-capacity-mah","Property","No","No","No","6"
"Mystic Outdoors Master","Power Device","power-output-to-device-ma-","Property","No","No","No","7"
"Mystic Outdoors Master","Power Device","material","Property","No","No","No","8"
"Mystic Outdoors Master","Power Device","features","Property","No","No","Yes","150"
"Mystic Outdoors Master","Camp Stove","availability","Property","No","No","No","-2147483648"
"Mystic Outdoors Master","Camp Stove","popularity","Property","No","No","No","-2147483648"
"Mystic Outdoors Master","Camp Stove","product-crosssell","Property","No","No","No","-2147483648"
"Mystic Outdoors Master","Camp Stove","product-related","Property","No","No","No","-2147483648"
"Mystic Outdoors Master","Camp Stove","product-upsell","Property","No","No","No","-2147483648"
"Mystic Outdoors Master","Camp Stove","best-use","Property","No","No","No","-2147483648"
"Mystic Outdoors Master","Camp Stove","brand","Property","No","No","No","-2147483648"
"Mystic Outdoors Master","Camp Stove","rating","Property","No","No","No","-2147483648"
"Mystic Outdoors Master","Camp Stove","season","Property","No","No","No","-2147483648"
"Mystic Outdoors Master","Camp Stove","insulated","Property","No","No","No","1"
"Mystic Outdoors Master","Camp Stove","average-boil-time-min-","Property","No","No","No","2"
"Mystic Outdoors Master","Camp Stove","number-of-burners","Property","No","No","No","3"
"Mystic Outdoors Master","Camp Stove","btu-total","Property","No","No","No","4"
"Mystic Outdoors Master","Camp Stove","features","Property","No","No","No","5"
"Mystic Outdoors Master","Camp Stove","fuel","Property","No","No","No","6"
"Mystic Outdoors Master","Camp Stove","weight","Property","No","No","No","7"
"Mystic Outdoors Master","Camping Cookware","availability","Property","No","No","No","-2147483648"
"Mystic Outdoors Master","Camping Cookware","popularity","Property","No","No","No","-2147483648"
"Mystic Outdoors Master","Camping Cookware","product-crosssell","Property","No","No","No","-2147483648"
"Mystic Outdoors Master","Camping Cookware","product-related","Property","No","No","No","-2147483648"
"Mystic Outdoors Master","Camping Cookware","product-upsell","Property","No","No","No","-2147483648"
"Mystic Outdoors Master","Camping Cookware","best-use","Property","No","No","No","-2147483648"
"Mystic Outdoors Master","Camping Cookware","brand","Property","No","No","No","-2147483648"
"Mystic Outdoors Master","Camping Cookware","rating","Property","No","No","No","-2147483648"
"Mystic Outdoors Master","Camping Cookware","season","Property","No","No","No","-2147483648"
"Mystic Outdoors Master","Camping Cookware","liquid-capacity-fl.-oz.-","Property","No","No","No","1"
"Mystic Outdoors Master","Camping Cookware","material","Property","No","No","No","2"
"Mystic Outdoors Master","Camping Cookware","weight","Property","No","No","No","3"
"Mystic Outdoors Master","WaterProducts","availability","Property","No","No","No","-2147483648"
"Mystic Outdoors Master","WaterProducts","popularity","Property","No","No","No","-2147483648"
"Mystic Outdoors Master","WaterProducts","product-crosssell","Property","No","No","No","-2147483648"
"Mystic Outdoors Master","WaterProducts","product-related","Property","No","No","No","-2147483648"
"Mystic Outdoors Master","WaterProducts","product-upsell","Property","No","No","No","-2147483648"
"Mystic Outdoors Master","WaterProducts","best-use","Property","No","No","No","-2147483648"
"Mystic Outdoors Master","WaterProducts","brand","Property","No","No","No","-2147483648"
"Mystic Outdoors Master","WaterProducts","rating","Property","No","No","No","-2147483648"
"Mystic Outdoors Master","WaterProducts","season","Property","No","No","No","-2147483648"
"Mystic Outdoors Master","WaterProducts","filter-type","Property","No","No","No","2"
"Mystic Outdoors Master","WaterProducts","filter-medium","Property","No","No","No","3"
"Mystic Outdoors Master","WaterProducts","removes-destroys","Property","No","No","No","4"
"Mystic Outdoors Master","WaterProducts","output","Property","No","No","No","5"
"Mystic Outdoors Master","WaterProducts","bite-valve-shut-off-switch","Property","No","No","No","6"
"Mystic Outdoors Master","WaterProducts","wide-mouth-opening","Property","No","No","No","7"
"Mystic Outdoors Master","WaterProducts","quick-disconnect-tubing","Property","No","No","No","8"
"Mystic Outdoors Master","WaterProducts","quick-drying","Property","No","No","No","9"
"Mystic Outdoors Master","WaterProducts","insulated","Property","No","No","No","10"
"Mystic Outdoors Master","WaterProducts","material","Property","No","No","No","11"
"Mystic Outdoors Master","WaterProducts","liquid-capacity-fl.-oz.-","Property","No","No","No","12"
"Mystic Outdoors Master","WaterProducts","features","Property","No","No","Yes","198"
"Mystic Outdoors Master","Camping Bundles","season","Property","No","No","No","-2147483648"
"Mystic Outdoors Master","Camping Bundles","brand","Property","No","No","No","-2147483648"
"Mystic Outdoors Master","Camping Bundles","popularity","Property","No","No","No","-2147483648"
"Mystic Outdoors Master","Camping Bundles","product-crosssell","Property","No","No","No","-2147483648"
"Mystic Outdoors Master","Camping Bundles","rating","Property","No","No","No","-2147483648"
"Mystic Outdoors Master","Camping Bundles","product-related","Property","No","No","No","-2147483648"
"Mystic Outdoors Master","Camping Bundles","product-upsell","Property","No","No","No","-2147483648"
"Mystic Outdoors Master","Camping Bundles","availability","Property","No","No","No","-2147483648"
"Mystic Outdoors Master","Camping Bundles","best-use","Property","No","No","No","0"
"Mystic Outdoors Master","Camping Bundles","camping-bundle-packs","Extra","No","No","No","0"
"Mystic Outdoors Master","Inserts","season","Property","No","No","No","-2147483648"
"Mystic Outdoors Master","Inserts","best-use","Property","No","No","No","-2147483648"
"Mystic Outdoors Master","Inserts","popularity","Property","No","No","No","-2147483648"
"Mystic Outdoors Master","Inserts","product-crosssell","Property","No","No","No","-2147483648"
"Mystic Outdoors Master","Inserts","rating","Property","No","No","No","-2147483648"
"Mystic Outdoors Master","Inserts","product-related","Property","No","No","No","-2147483648"
"Mystic Outdoors Master","Inserts","product-upsell","Property","No","No","No","-2147483648"
"Mystic Outdoors Master","Inserts","availability","Property","No","No","No","-2147483648"
"Mystic Outdoors Master","Inserts","brand","Property","No","No","No","0"
"Mystic Outdoors Master","Inserts","material","Option","No","No","No","0"
